ID,Wordform_ID,Example_ID,Index,Parameter_ID
convcosnoind-52-0,toto-non-indian,convcosnoind-52,0,
convcosnoind-52-1,yoti-lk-meat-pert,convcosnoind-52,1,
convcosnoind-52-2,tajtoj-say-circ-nmlz,convcosnoind-52,2,
convcosnoind-52-3,mare-rel-inan,convcosnoind-52,3,
convcosnoind-53-0,inijpe-see-pst,convcosnoind-53,0,
convcosnoind-53-1,tawara-too,convcosnoind-53,1,
convcosnoind-53-2,inijpe-see-pst,convcosnoind-53,2,
convcosnoind-126-0,ati-what,convcosnoind-126,0,
convcosnoind-126-1,ke-ins,convcosnoind-126,1,
convcosnoind-126-2,ejne-1-2pro,convcosnoind-126,2,
convcosnoind-126-3,yoti-lk-meat-pert,convcosnoind-126,3,
convcosnoind-126-4,yamane-make-ipfv,convcosnoind-126,4,
convcosnoind-126-5,wejsape-cop-pst,convcosnoind-126,5,
convcosnoind-126-6,tewi-3pro,convcosnoind-126,6,
convcosnoind-132-0,tewi-3pro,convcosnoind-132,0,
convcosnoind-132-1,ya-erg,convcosnoind-132,1,
convcosnoind-132-2,nepijpe-bring-pst,convcosnoind-132,2,
convcosnoind-132-3,wejsape-cop-pst,convcosnoind-132,3,
convestsjm-35-0,ente-here-loc,convestsjm-35,0,
convestsjm-35-1,ma-rst,convestsjm-35,1,
convestsjm-35-2,teijpo-far,convestsjm-35,2,
convestsjm-35-3,jra-neg,convestsjm-35,3,
convestsjm-35-4,wejtane-cop-cncs,convestsjm-35,4,
convestsjm-42-0,tawara-too,convestsjm-42,0,
convestsjm-42-1,chipeke-because,convestsjm-42,1,
convestsjm-42-2,taki-cnfrm,convestsjm-42,2,
convestsjm-42-3,wire-1pro,convestsjm-42,3,
convestsjm-42-4,empamija-learn-neg,convestsjm-42,4,
convestsjm-42-5,wejsape-cop-pst,convestsjm-42,5,
convestsjm-42-6,tase-say-pst,convestsjm-42,6,
convestsjm-42-7,wire-1pro,convestsjm-42,7,
convrisamaj-1-0,ati-what,convrisamaj-1,0,
convrisamaj-1-1,re-emp,convrisamaj-1,1,
convrisamaj-1-2,warai-like,convrisamaj-1,2,
convrisamaj-1-3,mere-2pro,convrisamaj-1,3,
convrisamaj-1-4,iniri-see-ipfv,convrisamaj-1,4,
convrisamaj-1-5,irejpe-then,convrisamaj-1,5,
convrisamaj-1-6,me-2,convrisamaj-1,6,
convrisamaj-1-7,yarika-laugh-ipfv,convrisamaj-1,7,
convrisamaj-1-8,ti-hsy,convrisamaj-1,8,
convrisamaj-2-0,me-2,convrisamaj-2,0,
convrisamaj-2-1,yaruwari-laugh-ipfv,convrisamaj-2,1,
convrisamaj-2-2,me-2,convrisamaj-2,2,
convrisamaj-2-3,pekepene-alone,convrisamaj-2,3,
convrisamaj-3-0,ejne-1-2pro,convrisamaj-3,0,
convrisamaj-3-1,pekepene-alone,convrisamaj-3,1,
convrisamaj-3-2,ejne-1-2pro,convrisamaj-3,2,
convrisamaj-3-3,yaruwaja-laugh-neg,convrisamaj-3,3,
convrisamaj-3-4,enka-right,convrisamaj-3,4,
convrisamaj-3-5,wanene-aunt,convrisamaj-3,5,
convrisamaj-4-0,wire-1pro,convrisamaj-4,0,
convrisamaj-4-1,yaruwari-laugh-ipfv,convrisamaj-4,1,
convrisamaj-4-2,jra-neg,convrisamaj-4,2,
convrisamaj-5-0,ejne-1-2pro,convrisamaj-5,0,
convrisamaj-5-1,yaruwari-laugh-ipfv,convrisamaj-5,1,
convrisamaj-5-2,ta-3pro,convrisamaj-5,2,
convrisamaj-5-3,jne-pl,convrisamaj-5,3,
convrisamaj-5-4,yakarama-tell-acnnmlz,convrisamaj-5,4,
convrisamaj-5-5,peke-about,convrisamaj-5,5,
convrisamaj-5-6,re-emp,convrisamaj-5,6,
convrisamaj-5-7,nwa-thus,convrisamaj-5,7,
convrisamaj-5-8,re-emp,convrisamaj-5,8,
convrisamaj-5-9,nope-good,convrisamaj-5,9,
convrisamaj-5-10,esene-see-self-ipfv,convrisamaj-5,10,
convrisamaj-5-11,mare-rel-inan,convrisamaj-5,11,
convrisamaj-5-12,tawara-too,convrisamaj-5,12,
convrisamaj-5-13,neke-cntr,convrisamaj-5,13,
convrisamaj-5-15,enka-right,convrisamaj-5,15,
convrisamaj-6-0,kwase-how,convrisamaj-6,0,
convrisamaj-6-1,ejne-1-2pro,convrisamaj-6,1,
convrisamaj-6-2,yaruwari-laugh-ipfv,convrisamaj-6,2,
convrisamaj-7-0,wire-1pro,convrisamaj-7,0,
convrisamaj-7-1,yaruwakem-laugh-acnnmlz-prop-nmlz,convrisamaj-7,1,
convrisamaj-7-2,pinire-neg,convrisamaj-7,2,
convrisamaj-7-3,mekisantomo-dist-anim-pl,convrisamaj-7,3,
convrisamaj-7-5,tajtane-say-cncs,convrisamaj-7,5,
convrisamaj-8-0,ki-ugh,convrisamaj-8,0,
convrisamaj-8-1,mokontomo-2pl-pro,convrisamaj-8,1,
convrisamaj-8-2,serekapo-become-tired-des-ipfv,convrisamaj-8,2,
convrisamaj-8-3,jra-neg,convrisamaj-8,3,
convrisamaj-8-4,ka-q,convrisamaj-8,4,
convrisamaj-8-5,mokontomo-2pl-pro,convrisamaj-8,5,
convrisamaj-8-6,yaruwari-laugh-ipfv,convrisamaj-8,6,
convrisamaj-8-7,wire-1pro,convrisamaj-8,7,
convrisamaj-8-8,yaruwari-laugh-ipfv,convrisamaj-8,8,
convrisamaj-8-9,jra-neg,convrisamaj-8,9,
convrisamaj-8-10,taro-say-ipfv,convrisamaj-8,10,
convrisamaj-8-11,wire-1pro,convrisamaj-8,11,
convrisamaj-8-12,ta-say-ipfv,convrisamaj-8,12,
convrisamaj-8-13,ta-like,convrisamaj-8,13,
convrisamaj-8-14,wire-1pro,convrisamaj-8,14,
convrisamaj-8-15,ya-erg,convrisamaj-8,15,
convrisamaj-9-0,tewi-3pro,convrisamaj-9,0,
convrisamaj-9-1,neke-cntr,convrisamaj-9,1,
convrisamaj-9-3,ta-3pro,convrisamaj-9,3,
convrisamaj-9-4,jne-pl,convrisamaj-9,4,
convrisamaj-9-5,yakarama-tell-acnnmlz,convrisamaj-9,5,
convrisamaj-9-6,pokono-about-nmlz,convrisamaj-9,6,
convrisamaj-9-7,nwa-thus,convrisamaj-9,7,
convrisamaj-9-8,re-emp,convrisamaj-9,8,
convrisamaj-9-9,ta-3pro,convrisamaj-9,9,
convrisamaj-9-10,jne-pl,convrisamaj-9,10,
convrisamaj-9-11,iri-put-ipfv,convrisamaj-9,11,
convrisamaj-9-12,minte-there-loc,convrisamaj-9,12,
convrisamaj-9-13,tunam-hide-acnnmlz,convrisamaj-9,13,
convrisamaj-9-14,pe-ess,convrisamaj-9,14,
convrisamaj-10-0,ta-3pro,convrisamaj-10,0,
convrisamaj-10-1,jne-pl,convrisamaj-10,1,
convrisamaj-10-2,yarikari-laugh-ipfv,convrisamaj-10,2,
convrisamaj-10-3,irejpe-then,convrisamaj-10,3,
convrisamaj-10-4,ta-3pro,convrisamaj-10,4,
convrisamaj-10-5,jne-pl,convrisamaj-10,5,
convrisamaj-10-6,yakarama-tell-acnnmlz,convrisamaj-10,6,
convrisamaj-10-7,pokono-about-nmlz,convrisamaj-10,7,
convrisamaj-11-0,tawaja-thus-neg,convrisamaj-11,0,
convrisamaj-11-1,ejne-1-2pro,convrisamaj-11,1,
convrisamaj-11-2,ejne-1-2pro,convrisamaj-11,2,
convrisamaj-11-3,neke-cntr,convrisamaj-11,3,
convrisamaj-11-5,ejne-1-2pro,convrisamaj-11,5,
convrisamaj-11-6,pekepene-alone,convrisamaj-11,6,
convrisamaj-11-7,ejne-1-2pro,convrisamaj-11,7,
convrisamaj-11-8,yarikaja-laugh-neg,convrisamaj-11,8,
convrisamaj-12-0,ati-what,convrisamaj-12,0,
convrisamaj-12-1,ejne-1-2pro,convrisamaj-12,1,
convrisamaj-12-2,yaruwari-laugh-ipfv,convrisamaj-12,2,
convrisamaj-13-0,pirare-neg-exist,convrisamaj-13,0,
convrisamaj-13-1,seneja-see-self-neg,convrisamaj-13,1,
convrisamaj-13-2,ejne-1-2pro,convrisamaj-13,2,
convrisamaj-13-3,yarikatopo-laugh-circ-nmlz,convrisamaj-13,3,
convrisamaj-14-0,nwa-thus,convrisamaj-14,0,
convrisamaj-14-1,re-emp,convrisamaj-14,1,
convrisamaj-14-2,ti-hsy,convrisamaj-14,2,
convrisamaj-14-3,ta-say-ipfv,convrisamaj-14,3,
convrisamaj-14-4,ta-like,convrisamaj-14,4,
convrisamaj-15-0,taitapo-3p-hear-des-ipfv,convrisamaj-15,0,
convrisamaj-15-1,ti-hsy,convrisamaj-15,1,
convrisamaj-16-0,ati-what,convrisamaj-16,0,
convrisamaj-16-1,ta-say-ipfv,convrisamaj-16,1,
convrisamaj-16-2,ta-like,convrisamaj-16,2,
convrisamaj-17-0,chiri-cop-acnnmlz,convrisamaj-17,0,
convrisamaj-17-1,ma-rst,convrisamaj-17,1,
convrisamaj-17-2,wire-1pro,convrisamaj-17,2,
convrisamaj-17-3,taro-say-ipfv,convrisamaj-17,3,
convrisamaj-18-0,tawara-too,convrisamaj-18,0,
convrisamaj-18-1,ma-rst,convrisamaj-18,1,
convrisamaj-18-2,taro-say-ipfv,convrisamaj-18,2,
convrisamaj-18-3,wire-1pro,convrisamaj-18,3,
convrisamaj-18-4,wire-1pro,convrisamaj-18,4,
convrisamaj-18-5,yewenke-lk-ignorant,convrisamaj-18,5,
convrisamaj-19-0,ati-what,convrisamaj-19,0,
convrisamaj-19-1,peke-about,convrisamaj-19,1,
convrisamaj-19-2,ejne-1-2pro,convrisamaj-19,2,
convrisamaj-19-3,yaruwari-laugh-ipfv,convrisamaj-19,3,
convrisamaj-20-0,yaruwakem-laugh-acnnmlz-prop-nmlz,convrisamaj-20,0,
convrisamaj-20-1,pinire-neg,convrisamaj-20,1,
convrisamaj-20-2,wire-1pro,convrisamaj-20,2,
convrisamaj-21-0,wire-1pro,convrisamaj-21,0,
convrisamaj-21-1,yaruwakem-laugh-acnnmlz-prop-nmlz,convrisamaj-21,1,
convrisamaj-21-2,pinire-neg,convrisamaj-21,2,
convrisamaj-21-3,wire-1pro,convrisamaj-21,3,
convrisamaj-21-4,senejkari-stay-ipfv,convrisamaj-21,4,
convrisamaj-21-5,u-1,convrisamaj-21,5,
convrisamaj-21-6,yiwij-lk-house-pert,convrisamaj-21,6,
convrisamaj-21-7,yaka-all,convrisamaj-21,7,
convrisamaj-21-8,sukuri-silently,convrisamaj-21,8,
convrisamaj-22-0,mekisantomo-dist-anim-pl,convrisamaj-22,0,
convrisamaj-22-1,yaruwari-laugh-ipfv,convrisamaj-22,1,
convrisamaj-22-2,wire-1pro,convrisamaj-22,2,
convrisamaj-22-3,itari-hear-ipfv,convrisamaj-22,3,
convrisamaj-23-0,ki-ugh,convrisamaj-23,0,
convrisamaj-23-1,serekapo-become-tired-des-ipfv,convrisamaj-23,1,
convrisamaj-23-2,jra-neg,convrisamaj-23,2,
convrisamaj-23-3,ka-q,convrisamaj-23,3,
convrisamaj-23-4,mokontomo-2pl-pro,convrisamaj-23,4,
convrisamaj-23-5,yaruwari-laugh-ipfv,convrisamaj-23,5,
convrisamaj-24-0,wire-1pro,convrisamaj-24,0,
convrisamaj-24-1,wajyakiti-be-happy-ipfv,convrisamaj-24,1,
convrisamaj-24-2,jra-neg,convrisamaj-24,2,
convrisamaj-24-3,taro-say-ipfv,convrisamaj-24,3,
convrisamaj-24-4,wire-1pro,convrisamaj-24,4,
convrisamaj-24-5,ta-say-ipfv,convrisamaj-24,5,
convrisamaj-24-6,wire-1pro,convrisamaj-24,6,
convrisamaj-24-7,ya-erg,convrisamaj-24,7,
convrisamaj-25-0,kajke-say-imp,convrisamaj-25,0,
convrisamaj-26-0,ta-say-ipfv,convrisamaj-26,0,
convrisamaj-26-1,wejsaj-cop-pst,convrisamaj-26,1,
convrisamaj-26-2,wire-1pro,convrisamaj-26,2,
convrisamaj-27-0,tawaraij-too,convrisamaj-27,0,
convrisamaj-27-1,wire-1pro,convrisamaj-27,1,
convrisamaj-27-2,yaruwakem-laugh-acnnmlz-prop-nmlz,convrisamaj-27,2,
convrisamaj-27-3,pinire-neg,convrisamaj-27,3,
convrisamaj-28-0,u-1,convrisamaj-28,0,
convrisamaj-28-1,yiwij-lk-house-pert,convrisamaj-28,1,
convrisamaj-28-2,yawe-loc,convrisamaj-28,2,
convrisamaj-28-3,u-1,convrisamaj-28,3,
convrisamaj-28-4,senejkari-stay-ipfv-1,convrisamaj-28,4,
convrisamaj-28-5,sukuri-silently,convrisamaj-28,5,
convrisamaj-29-0,nope-good,convrisamaj-29,0,
convrisamaj-29-1,seneja-see-self-neg,convrisamaj-29,1,
convrisamaj-29-2,chipokono-because,convrisamaj-29,2,
convrisamaj-29-3,ejne-1-2pro,convrisamaj-29,3,
convrisamaj-29-4,pana-dat,convrisamaj-29,4,
convrisamaj-29-5,nope-good,convrisamaj-29,5,
convrisamaj-29-6,seneja-see-self-neg,convrisamaj-29,6,
convrisamaj-29-7,chipokono-because,convrisamaj-29,7,
convrisamaj-29-8,ejne-1-2pro,convrisamaj-29,8,
convrisamaj-29-9,yaruwatopo-laugh-circ-nmlz,convrisamaj-29,9,
convrisamaj-29-10,pirare-neg-exist,convrisamaj-29,10,
convrisamaj-30-0,inke-see-imp,convrisamaj-30,0,
convrisamaj-30-1,ire-3ana-inan,convrisamaj-30,1,
convrisamaj-30-2,nwa-thus,convrisamaj-30,2,
convrisamaj-30-3,chipeke-because,convrisamaj-30,3,
convrisamaj-31-0,mere-med-inan,convrisamaj-31,0,
convrisamaj-31-1,nwa-thus,convrisamaj-31,1,
convrisamaj-31-2,chipokono-because,convrisamaj-31,2,
convrisamaj-31-3,ejne-1-2pro,convrisamaj-31,3,
convrisamaj-31-4,yarikaja-laugh-neg,convrisamaj-31,4,
convrisamaj-32-0,tewisantomo-3pro-pl,convrisamaj-32,0,
convrisamaj-32-1,neke-cntr,convrisamaj-32,1,
convrisamaj-32-2,ne-ints,convrisamaj-32,2,
convrisamaj-32-3,yaruwatepeke-laugh-prog-intr,convrisamaj-32,3,
convrisamaj-32-4,ma-rst,convrisamaj-32,4,
convrisamaj-32-5,re-emp,convrisamaj-32,5,
convrisamaj-32-6,chi-cop-ipfv,convrisamaj-32,6,
convrisamaj-32-7,kontomo-pl,convrisamaj-32,7,
convrisamaj-33-0,ta-3pro,convrisamaj-33,0,
convrisamaj-33-1,jne-pl,convrisamaj-33,1,
convrisamaj-33-2,ini-see-acnnmlz,convrisamaj-33,2,
convrisamaj-33-3,pokono-about-nmlz,convrisamaj-33,3,
convrisamaj-33-4,waimu-speak-ipfv,convrisamaj-33,4,
convrisamaj-33-5,kontomo-pl,convrisamaj-33,5,
convrisamaj-34-0,ta-3pro,convrisamaj-34,0,
convrisamaj-34-1,jne-pl,convrisamaj-34,1,
convrisamaj-34-2,ya-erg,convrisamaj-34,2,
convrisamaj-34-3,ijpe-put-pst,convrisamaj-34,3,
convrisamaj-34-4,mare-rel-inan,convrisamaj-34,4,
convrisamaj-34-5,tewi-3pro,convrisamaj-34,5,
convrisamaj-34-6,ta-3pro,convrisamaj-34,6,
convrisamaj-34-7,jne-pl,convrisamaj-34,7,
convrisamaj-34-8,ya-erg,convrisamaj-34,8,
convrisamaj-34-9,yekerema-boast-sexually-ipfv,convrisamaj-34,9,
convrisamaj-34-10,pinika-prob,convrisamaj-34,10,
convrisamaj-34-11,ta-say-ipfv,convrisamaj-34,11,
convrisamaj-34-12,wire-1pro,convrisamaj-34,12,
convrisamaj-35-0,pinika-prob,convrisamaj-35,0,
convrisamaj-35-1,pinika-prob,convrisamaj-35,1,
convrisamaj-35-2,tawara-too,convrisamaj-35,2,
convrisamaj-35-3,chipokon-because,convrisamaj-35,3,
convrisamaj-35-4,pinika-prob,convrisamaj-35,4,
convrisamaj-35-5,yaruwa-laugh-ipfv,convrisamaj-35,5,
convrisamaj-35-6,kontomo-pl,convrisamaj-35,6,
convrisamaj-36-0,taro-say-ipfv,convrisamaj-36,0,
convrisamaj-36-1,mare-still,convrisamaj-36,1,
convrisamaj-36-2,wire-1pro,convrisamaj-36,2,
convrisamaj-36-3,ya-erg,convrisamaj-36,3,
convrisamaj-37-0,nwa-thus,convrisamaj-37,0,
convrisamaj-37-1,ma-rst,convrisamaj-37,1,
convrisamaj-37-2,pinika-prob,convrisamaj-37,2,
convrisamaj-37-3,ta-say-ipfv,convrisamaj-37,3,
convrisamaj-37-4,wire-1pro,convrisamaj-37,4,
convrisamaj-37-5,ya-erg,convrisamaj-37,5,
convrisamaj-38-0,tejpore-tasty,convrisamaj-38,0,
convrisamaj-38-1,sa-eval,convrisamaj-38,1,
convrisamaj-38-2,ne-ints,convrisamaj-38,2,
convrisamaj-40-0,tawara-too,convrisamaj-40,0,
convrisamaj-40-1,ma-rst,convrisamaj-40,1,
convrisamaj-40-2,wire-1pro,convrisamaj-40,2,
convrisamaj-40-3,itari-hear-ipfv,convrisamaj-40,3,
convrisamaj-40-4,onono-another,convrisamaj-40,4,
convrisamaj-40-5,pare-also,convrisamaj-40,5,
convrisamaj-42-0,yaruwa-laugh-ipfv,convrisamaj-42,0,
convrisamaj-42-1,kontomo-pl,convrisamaj-42,1,
convrisamaj-42-2,yatum-day,convrisamaj-42,2,
convrisamaj-43-0,ta-like,convrisamaj-43,0,
convrisamaj-43-1,ta-say-ipfv,convrisamaj-43,1,
convrisamaj-43-2,kontomo-pl,convrisamaj-43,2,
convrisamaj-44-0,wire-1pro,convrisamaj-44,0,
convrisamaj-44-1,inija-see-neg,convrisamaj-44,1,
convrisamaj-44-2,ta-like,convrisamaj-44,2,
convrisamaj-44-3,re-emp,convrisamaj-44,3,
convrisamaj-45-0,ke-ugh,convrisamaj-45,0,
convrisamaj-45-1,mokontomo-2pl-pro,convrisamaj-45,1,
convrisamaj-45-2,wajyakiti-be-happy-ipfv,convrisamaj-45,2,
convrisamaj-45-3,ta-like,convrisamaj-45,3,
convrisamaj-45-4,wire-1pro,convrisamaj-45,4,
convrisamaj-45-5,wajyakiti-be-happy-ipfv,convrisamaj-45,5,
convrisamaj-45-6,jra-neg,convrisamaj-45,6,
convrisamaj-45-7,taro-say-ipfv,convrisamaj-45,7,
convrisamaj-45-8,wire-1pro,convrisamaj-45,8,
convrisamaj-45-9,ta-say-ipfv,convrisamaj-45,9,
convrisamaj-45-10,wire-1pro,convrisamaj-45,10,
convrisamaj-45-11,ya-erg,convrisamaj-45,11,
convrisamaj-46-0,u-1,convrisamaj-46,0,
convrisamaj-46-1,yare-alone,convrisamaj-46,1,
convrisamaj-46-2,wire-1pro,convrisamaj-46,2,
convrisamaj-46-3,peremekiri-talk-ipfv,convrisamaj-46,3,
convrisamaj-47-0,aniki-who,convrisamaj-47,0,
convrisamaj-47-1,narepe-part,convrisamaj-47,1,
convrisamaj-47-2,yakere-lk-with,convrisamaj-47,2,
convrisamaj-47-3,ejne-1-2pro,convrisamaj-47,3,
convrisamaj-47-4,peremekiri-talk-ipfv,convrisamaj-47,4,
convrisamaj-47-5,ejne-1-2pro,convrisamaj-47,5,
convrisamaj-47-6,pekepene-alone,convrisamaj-47,6,
convrisamaj-47-7,wanene-aunt,convrisamaj-47,7,
convrisamaj-48-0,pirare-neg-exist,convrisamaj-48,0,
convrisamaj-48-1,ejne-1-2pro,convrisamaj-48,1,
convrisamaj-48-2,chiyakon-friend-pert,convrisamaj-48,2,
convrisamaj-48-3,chipokono-because,convrisamaj-48,3,
convrisamaj-48-4,ejne-1-2pro,convrisamaj-48,4,
convrisamaj-48-5,yaruwatopo-laugh-circ-nmlz,convrisamaj-48,5,
convrisamaj-48-6,pirare-neg-exist,convrisamaj-48,6,
convrisamaj-49-0,inke-see-imp,convrisamaj-49,0,
convrisamaj-50-0,ejne-1-2pro,convrisamaj-50,0,
convrisamaj-50-1,pekepene-alone,convrisamaj-50,1,
convrisamaj-50-2,ejne-1-2pro,convrisamaj-50,2,
convrisamaj-50-3,chi-cop-acnnmlz,convrisamaj-50,3,
convrisamaj-50-4,yawe-loc,convrisamaj-50,4,
convrisamaj-50-5,ejne-1-2pro,convrisamaj-50,5,
convrisamaj-50-6,yarikaja-laugh-neg,convrisamaj-50,6,
convrisamaj-51-0,ati-what,convrisamaj-51,0,
convrisamaj-51-1,ejne-1-2pro,convrisamaj-51,1,
convrisamaj-51-2,yarikari-laugh-ipfv,convrisamaj-51,2,
convrisamaj-51-3,pirare-neg-exist,convrisamaj-51,3,
convrisamaj-52-1,yarikasemi-laugh-ptcp-nmlz,convrisamaj-52,1,
convrisamaj-52-2,jra-neg,convrisamaj-52,2,
convrisamaj-53-0,nwa-thus,convrisamaj-53,0,
convrisamaj-53-1,ma-rst,convrisamaj-53,1,
convrisamaj-53-2,ta-say-ipfv,convrisamaj-53,2,
convrisamaj-53-3,wire-1pro,convrisamaj-53,3,
convrisamaj-53-4,ya-erg,convrisamaj-53,4,
convrisamaj-54-0,pirare-neg-exist,convrisamaj-54,0,
convfemgrme-17-0,wire-1pro,convfemgrme-17,0,
convfemgrme-17-1,tetojpe-go-fut,convfemgrme-17,1,
convfemgrme-17-2,me-2,convfemgrme-17,2,
convfemgrme-17-3,yakere-lk-with,convfemgrme-17,3,
convfemgrme-43-0,mere-med-inan,convfemgrme-43,0,
convfemgrme-43-1,wa-thus,convfemgrme-43,1,
convfemgrme-43-2,re-emp,convfemgrme-43,2,
convfemgrme-43-3,me-2,convfemgrme-43,3,
convfemgrme-43-4,yenetojpano-eat-meat-fut-concl,convfemgrme-43,4,
convfemgrme-43-6,u-1,convfemgrme-43,6,
convfemgrme-43-7,yakere-lk-with,convfemgrme-43,7,
convfemgrme-43-8,mere-2pro,convfemgrme-43,8,
convfemgrme-43-9,wepiri-come-ipfv,convfemgrme-43,9,
convfemgrme-48-0,muku-child,convfemgrme-48,0,
convfemgrme-48-1,pana-ear-pert,convfemgrme-48,1,
convfemgrme-48-2,yenenijpe-eat-meat-agtnmlz-pst,convfemgrme-48,2,
convfemgrme-48-3,ti-hsy,convfemgrme-48,3,
convfemgrme-60-0,kwase-how,convfemgrme-60,0,
convfemgrme-60-1,neke-cntr,convfemgrme-60,1,
convfemgrme-60-2,wejsape-cop-pst,convfemgrme-60,2,
convfemgrme-60-3,tewi-3pro,convfemgrme-60,3,
convfemgrme-60-4,ma-rst,convfemgrme-60,4,
convfemgrme-60-5,anajmori-2-grandmother-pert,convfemgrme-60,5,
convfemgrme-60-6,ya-erg,convfemgrme-60,6,
convfemgrme-60-7,yakarama-tell-ipfv,convfemgrme-60,7,
convfemgrme-60-8,wejsape-cop-pst,convfemgrme-60,8,
convfemgrme-113-0,ee-yes,convfemgrme-113,0,
convfemgrme-113-1,tawara-too,convfemgrme-113,1,
convfemgrme-113-2,taki-cnfrm,convfemgrme-113,2,
convfemgrme-113-3,chapetiri-squeal-ipfv,convfemgrme-113,3,
convfemgrme-113-4,tewi-3pro,convfemgrme-113,4,
convfemgrme-183-0,u-1,convfemgrme-183,0,
convfemgrme-183-1,yare-alone,convfemgrme-183,1,
convfemgrme-183-2,wire-1pro,convfemgrme-183,2,
convfemgrme-183-3,winikiri-sleep-ipfv,convfemgrme-183,3,
convfemgrme-183-4,jra-neg,convfemgrme-183,4,
convfemgrme-217-0,iyawe-3-loc,convfemgrme-217,0,
convfemgrme-217-1,chipeke-because,convfemgrme-217,1,
convfemgrme-217-2,tayawankase-3p-kill-pst,convfemgrme-217,2,
convfemgrme-231-0,ente-here-loc,convfemgrme-231,0,
convfemgrme-231-1,me-2,convfemgrme-231,1,
convfemgrme-231-2,inpo-see-des-ipfv,convfemgrme-231,2,
convfemgrme-231-3,jra-neg,convfemgrme-231,3,
convfemgrme-231-4,wire-1pro,convfemgrme-231,4,
convfemgrme-231-5,ya-erg,convfemgrme-231,5,
convfemgrme-232-0,me-2,convfemgrme-232,0,
convfemgrme-232-1,ini-see-ipfv,convfemgrme-232,1,
convfemgrme-232-2,wire-1pro,convfemgrme-232,2,
convfemgrme-232-3,ya-erg,convfemgrme-232,3,
convfemgrme-233-0,mere-2pro,convfemgrme-233,0,
convfemgrme-233-1,ya-erg,convfemgrme-233,1,
convfemgrme-233-2,wire-1pro,convfemgrme-233,2,
convfemgrme-233-3,inija-see-neg,convfemgrme-233,3,
convfemgrme-233-4,wejtane-cop-cncs,convfemgrme-233,4,
convfemgrme-260-0,wire-1pro,convfemgrme-260,0,
convfemgrme-260-1,yaperi-lk-arm-wing-pert,convfemgrme-260,1,
convfemgrme-260-2,moronta-hurt-ipfv,convfemgrme-260,2,
convfemgrme-260-3,chi-cop-ipfv,convfemgrme-260,3,
convfemgrme-260-4,taji-foc,convfemgrme-260,4,
convfemgrme-298-0,keyaja-think-neg,convfemgrme-298,0,
convfemgrme-298-1,wire-1pro,convfemgrme-298,1,
convfemgrme-304-0,mmm-yes,convfemgrme-304,0,
convfemgrme-304-1,imukuru-3-child-pert,convfemgrme-304,1,
convfemgrme-304-2,ma-rst,convfemgrme-304,2,
histanfo-1-0,wire-1pro,histanfo-1,0,
histanfo-1-1,tawara-too,histanfo-1,1,
histanfo-1-2,re-emp,histanfo-1,2,
histanfo-1-3,ente-here-loc,histanfo-1,3,
histanfo-2-0,ana-1-3pro,histanfo-2,0,
histanfo-2-1,keyetajpe-grow-pst,histanfo-2,1,
histanfo-2-2,intipijke-small,histanfo-2,2,
histanfo-2-3,ana-1-3pro,histanfo-2,3,
histanfo-2-4,chi-cop-acnnmlz,histanfo-2,4,
histanfo-2-5,yawe-loc,histanfo-2,5,
histanfo-3-0,ana-1-3pro,histanfo-3,0,
histanfo-3-1,yimi-lk-father,histanfo-3,1,
histanfo-3-2,semajpe-die-pst-acnnmlz,histanfo-3,2,
histanfo-3-3,pe-ess,histanfo-3,3,
histanfo-4-0,ana-1-3pro,histanfo-4,0,
histanfo-4-1,keyetase-grow-pst,histanfo-4,1,
histanfo-4-2,papa-father,histanfo-4,2,
histanfo-4-3,kampra-big,histanfo-4,3,
histanfo-4-4,ya-erg,histanfo-4,4,
histanfo-4-5,ana-1-3pro,histanfo-4,5,
histanfo-4-6,yoti-lk-meat-pert,histanfo-4,6,
histanfo-4-7,wejsape-cop-pst,histanfo-4,7,
histanfo-4-8,yojte-fish-with-hook-ipfv,histanfo-4,8,
histanfo-4-9,ta-like,histanfo-4,9,
histanfo-4-10,sukase-all,histanfo-4,10,
histanfo-4-11,aroma-limpet,histanfo-4,11,
histanfo-4-12,warai-like,histanfo-4,12,
histanfo-4-13,yakuri-agouti,histanfo-4,13,
histanfo-4-14,warai-like,histanfo-4,14,
histanfo-4-15,yojte-fish-with-hook-ipfv,histanfo-4,15,
histanfo-4-16,wejsaj-cop-pst,histanfo-4,16,
histanfo-4-17,ta-like,histanfo-4,17,
histanfo-5-0,papa-father,histanfo-5,0,
histanfo-5-1,kampra-big,histanfo-5,1,
histanfo-5-2,ya-obl,histanfo-5,2,
histanfo-5-3,makampra-aunt,histanfo-5,3,
histanfo-5-4,ya-erg,histanfo-5,4,
histanfo-5-5,ta-say-ipfv,histanfo-5,5,
histanfo-5-6,wejsaj-cop-pst,histanfo-5,6,
histanfo-5-7,ta-like,histanfo-5,7,
histanfo-5-8,maijte-go-imp,histanfo-5,8,
histanfo-5-9,kaimotata-hunt-motimp,histanfo-5,9,
histanfo-5-10,mukuton-child-pl,histanfo-5,10,
histanfo-5-11,yomiri-be-hungry-ipfv,histanfo-5,11,
histanfo-6-0,asamori-cry-ipfv,histanfo-6,0,
histanfo-6-1,ta-say-ipfv,histanfo-6,1,
histanfo-6-2,wejsaj-cop-pst,histanfo-6,2,
histanfo-6-3,ta-like,histanfo-6,3,
histanfo-6-4,ire-3ana-inan,histanfo-6,4,
histanfo-6-5,make-mom,histanfo-6,5,
histanfo-6-6,ta-say-ipfv,histanfo-6,6,
histanfo-6-7,wejsape-cop-pst,histanfo-6,7,
histanfo-7-0,pachi-older-sister-of-woman,histanfo-7,0,
histanfo-7-1,kere-prox-anim,histanfo-7,1,
histanfo-7-2,taki-cnfrm,histanfo-7,2,
histanfo-7-3,yemi-be-hungry-acnnmlz,histanfo-7,3,
histanfo-7-4,pinire-neg,histanfo-7,4,
histanfo-8-0,asamori-cry-ipfv,histanfo-8,0,
histanfo-8-1,jra-neg,histanfo-8,1,
histanfo-8-2,asamori-cry-ipfv,histanfo-8,2,
histanfo-8-3,muku-child,histanfo-8,3,
histanfo-9-0,tejetum-3-sick-pert,histanfo-9,0,
histanfo-9-1,pinika-prob,histanfo-9,1,
histanfo-9-2,ta-say-ipfv,histanfo-9,2,
histanfo-9-3,wejsaj-cop-pst,histanfo-9,3,
histanfo-9-4,ta-say-ipfv,histanfo-9,4,
histanfo-9-5,make-mom,histanfo-9,5,
histanfo-9-6,ya-erg,histanfo-9,6,
histanfo-9-7,make-mom,histanfo-9,7,
histanfo-9-8,pano-fmr,histanfo-9,8,
histanfo-9-9,ya-erg,histanfo-9,9,
histanfo-10-0,sukase-all,histanfo-10,0,
histanfo-10-1,ta-say-ipfv,histanfo-10,1,
histanfo-10-2,wejsaj-cop-pst,histanfo-10,2,
histanfo-10-3,ta-like,histanfo-10,3,
histanfo-10-4,irejpe-then,histanfo-10,4,
histanfo-10-5,papa-father,histanfo-10,5,
histanfo-10-6,kampra-big,histanfo-10,6,
histanfo-10-7,ijteri-3-go-ipfv,histanfo-10,7,
histanfo-11-0,ipakuri-3-arrow-tip-pert,histanfo-11,0,
histanfo-11-1,yakere-lk-with,histanfo-11,1,
histanfo-12-0,irejpe-then,histanfo-12,0,
histanfo-12-1,sakara-hoplias-malabaricus,histanfo-12,1,
histanfo-12-2,nepi-bring-ipfv,histanfo-12,2,
histanfo-12-3,wejsaj-cop-pst,histanfo-12,3,
histanfo-12-4,ta-like,histanfo-12,4,
histanfo-12-5,irejpe-then,histanfo-12,5,
histanfo-12-6,michi-med-anim,histanfo-12,6,
histanfo-13-0,yakono-lk-younger-sister-of-woman-pert,histanfo-13,0,
histanfo-13-1,ijmojkake-cook-imp,histanfo-13,1,
histanfo-13-2,mukuton-child-pl,histanfo-13,2,
histanfo-13-3,yoti-lk-meat-pert,histanfo-13,3,
histanfo-13-4,ta-say-ipfv,histanfo-13,4,
histanfo-13-5,wejsaj-cop-pst,histanfo-13,5,
histanfo-13-6,ta-like,histanfo-13,6,
histanfo-14-0,makampra-aunt,histanfo-14,0,
histanfo-14-1,ya-erg,histanfo-14,1,
histanfo-14-2,make-mom,histanfo-14,2,
histanfo-14-3,pana-dat,histanfo-14,3,
histanfo-15-0,i-put-ipfv,histanfo-15,0,
histanfo-15-1,re-emp,histanfo-15,1,
histanfo-15-2,make-mom,histanfo-15,2,
histanfo-15-3,ya-erg,histanfo-15,3,
histanfo-15-4,ijmojka-cook-ipfv,histanfo-15,4,
histanfo-15-5,wejsape-cop-pst,histanfo-15,5,
histanfo-16-0,ana-1-3pro,histanfo-16,0,
histanfo-16-1,yoti-lk-meat-pert,histanfo-16,1,
histanfo-16-2,ana-1-3pro,histanfo-16,2,
histanfo-16-3,serematojpe-eat-purp,histanfo-16,3,
histanfo-17-0,tawara-too,histanfo-17,0,
histanfo-17-1,ma-rst,histanfo-17,1,
histanfo-17-2,ana-1-3pro,histanfo-17,2,
histanfo-17-3,keyetajpe-grow-pst,histanfo-17,3,
histanfo-17-4,ana-1-3pro,histanfo-17,4,
histanfo-17-5,papa-father,histanfo-17,5,
histanfo-17-6,pan-fmr,histanfo-17,6,
histanfo-17-7,patajpe-axe-pst,histanfo-17,7,
histanfo-17-8,te-loc,histanfo-17,8,
histanfo-18-0,papa-father,histanfo-18,0,
histanfo-18-1,pano-fmr,histanfo-18,1,
histanfo-18-2,semasaj-die-abs-nmlz,histanfo-18,2,
histanfo-18-3,yawe-loc,histanfo-18,3,
histanfo-19-0,ire-3ana-inan,histanfo-19,0,
histanfo-19-1,ana-1-3pro,histanfo-19,1,
histanfo-19-2,keyetase-grow-pst,histanfo-19,2,
histanfo-19-3,tawara-too,histanfo-19,3,
histanfo-19-4,ma-rst,histanfo-19,4,
histanfo-20-0,sukase-all,histanfo-20,0,
histanfo-20-1,ana-1-3pro,histanfo-20,1,
histanfo-20-2,keyetase-grow-pst,histanfo-20,2,
histanfo-20-3,pipi-younger-brother-of-woman,histanfo-20,3,
histanfo-20-4,yakere-lk-with,histanfo-20,4,
histanfo-20-5,ana-1-3pro,histanfo-20,5,
histanfo-20-6,keyetase-grow-pst,histanfo-20,6,
histanfo-20-7,intipijke-small,histanfo-20,7,
histanfo-20-8,ana-1-3pro,histanfo-20,8,
histanfo-20-9,chawe-loc,histanfo-20,9,
histanfo-21-0,ana-1-3pro,histanfo-21,0,
histanfo-21-1,keyetase-grow-pst,histanfo-21,1,
histanfo-21-2,makampra-aunt,histanfo-21,2,
histanfo-21-3,ya-obl,histanfo-21,3,
histanfo-22-0,tewi-3pro,histanfo-22,0,
histanfo-22-1,ya-erg,histanfo-22,1,
histanfo-22-2,papa-father,histanfo-22,2,
histanfo-22-3,kampra-big,histanfo-22,3,
histanfo-22-4,pana-dat,histanfo-22,4,
histanfo-22-5,tase-say-pst,histanfo-22,5,
histanfo-22-6,ta-like,histanfo-22,6,
histanfo-22-7,kaimotata-hunt-motimp,histanfo-22,7,
histanfo-23-0,yomiri-be-hungry-ipfv,histanfo-23,0,
histanfo-23-1,mukutomo-child-pl,histanfo-23,1,
histanfo-24-0,asamo-cry-ipfv,histanfo-24,0,
histanfo-24-1,mare-rel-inan,histanfo-24,1,
histanfo-24-2,tapeke-say-prog-tr,histanfo-24,2,
histanfo-24-3,ijteri-3-go-ipfv,histanfo-24,3,
histanfo-24-4,weroro-dog,histanfo-24,4,
histanfo-24-5,yare-bring-ipfv,histanfo-24,5,
histanfo-24-6,ta-like,histanfo-24,6,
histanfo-24-7,yakuri-agouti,histanfo-24,7,
histanfo-24-8,kejmatojpe-hunt-purp,histanfo-24,8,
histanfo-25-0,ire-3ana-inan,histanfo-25,0,
histanfo-25-1,yakuri-agouti,histanfo-25,1,
histanfo-26-0,taturu-3p-give-ipfv,histanfo-26,0,
histanfo-26-1,makampra-aunt,histanfo-26,1,
histanfo-26-2,ya-erg,histanfo-26,2,
histanfo-26-3,ana-1-3pro,histanfo-26,3,
histanfo-26-4,yoti-lk-meat-pert,histanfo-26,4,
histanfo-26-5,make-mom,histanfo-26,5,
histanfo-27-0,ijmokatojpe-cook-purp,histanfo-27,0,
histanfo-28-0,irejpe-then,histanfo-28,0,
histanfo-28-1,make-mom,histanfo-28,1,
histanfo-28-2,ya-erg,histanfo-28,2,
histanfo-28-3,ijmojka-cook-ipfv,histanfo-28,3,
histanfo-28-4,wejsape-cop-pst,histanfo-28,4,
histanfo-29-0,ana-1-3pro,histanfo-29,0,
histanfo-29-1,yoti-lk-meat-pert,histanfo-29,1,
histanfo-29-2,yakuri-agouti,histanfo-29,2,
histanfo-30-0,makampra-aunt,histanfo-30,0,
histanfo-30-1,ya-erg,histanfo-30,1,
histanfo-30-2,tujpe-give-pst,histanfo-30,2,
histanfo-31-0,sukase-all,histanfo-31,0,
histanfo-31-1,tawara-too,histanfo-31,1,
histanfo-31-2,ma-rst,histanfo-31,2,
histanfo-31-3,ana-1-3pro,histanfo-31,3,
histanfo-31-4,keyatajpe-grow-pst,histanfo-31,4,
histanfo-31-5,onono-another,histanfo-31,5,
histanfo-31-6,peke-about,histanfo-31,6,
histanfo-32-0,kimii-chili,histanfo-32,0,
histanfo-32-1,ma-rst,histanfo-32,1,
histanfo-32-2,yeme-eat-fruits-eggs-soup-ipfv,histanfo-32,2,
histanfo-32-3,ana-1-3pro,histanfo-32,3,
histanfo-32-4,ya-erg,histanfo-32,4,
histanfo-33-0,sere-bitter-manioc,histanfo-33,0,
histanfo-33-1,yokiri-eat-starch-ipfv,histanfo-33,1,
histanfo-33-2,irejpe-then,histanfo-33,2,
histanfo-33-3,sukutaka-yucuta,histanfo-33,3,
histanfo-33-4,yeni-drink-ipfv,histanfo-33,4,
histanfo-33-5,ana-1-3pro,histanfo-33,5,
histanfo-33-6,ya-erg,histanfo-33,6,
histanfo-34-0,tewi-3pro,histanfo-34,0,
histanfo-34-1,kimii-chili,histanfo-34,1,
histanfo-34-2,yemetikene-eat-fruits-eggs-soup-post,histanfo-34,2,
histanfo-34-3,ana-1-3pro,histanfo-34,3,
histanfo-34-4,yeni-drink-ipfv,histanfo-34,4,
histanfo-34-5,wejsape-cop-pst,histanfo-34,5,
histanfo-34-6,sukutaka-yucuta,histanfo-34,6,
histanfo-34-7,ma-rst,histanfo-34,7,
histanfo-35-0,nwa-thus,histanfo-35,0,
histanfo-35-1,re-emp,histanfo-35,1,
histanfo-35-2,ana-1-3pro,histanfo-35,2,
histanfo-35-3,keyatajpe-grow-pst,histanfo-35,3,
histanfo-35-4,ana-1-3pro,histanfo-35,4,
histanfo-36-0,irejpe-then,histanfo-36,0,
histanfo-36-1,re-emp,histanfo-36,1,
histanfo-36-2,neke-cntr,histanfo-36,2,
histanfo-36-3,n-ints,histanfo-36,3,
histanfo-36-4,ti-hsy,histanfo-36,4,
histanfo-37-0,make-mom,histanfo-37,0,
histanfo-37-1,sepanse-get-married-pst,histanfo-37,1,
histanfo-38-0,rafa-r,histanfo-38,0,
histanfo-38-1,perez-p,histanfo-38,1,
histanfo-38-2,pan-fmr,histanfo-38,2,
histanfo-38-3,yakere-lk-with,histanfo-38,3,
histanfo-39-0,irejpe-then,histanfo-39,0,
histanfo-39-1,tewi-3pro,histanfo-39,1,
histanfo-39-2,yakere-lk-with,histanfo-39,2,
histanfo-39-3,ana-1-3pro,histanfo-39,3,
histanfo-39-4,keyatase-grow-pst,histanfo-39,4,
histanfo-40-0,yatam-adolescent,histanfo-40,0,
histanfo-40-1,pe-ess,histanfo-40,1,
histanfo-40-2,ana-1-3pro,histanfo-40,2,
histanfo-40-3,tese-go-pst,histanfo-40,3,
histanfo-40-4,pipi-younger-brother-of-woman,histanfo-40,4,
histanfo-40-5,tawara-too,histanfo-40,5,
histanfo-40-6,re-emp,histanfo-40,6,
histanfo-40-7,waraijtokom-man,histanfo-40,7,
histanfo-40-8,pe-ess,histanfo-40,8,
histanfo-40-9,ijtese-3-go-pst,histanfo-40,9,
histanfo-41-0,ana-1-3pro,histanfo-41,0,
histanfo-41-1,keyatase-grow-pst,histanfo-41,1,
histanfo-41-2,tewi-3pro,histanfo-41,2,
histanfo-41-3,yakere-lk-with,histanfo-41,3,
histanfo-42-0,ana-1-3pro,histanfo-42,0,
histanfo-42-1,padrastro-stepfather-pert,histanfo-42,1,
histanfo-42-2,yakere-lk-with,histanfo-42,2,
histanfo-43-0,tewi-3pro,histanfo-43,0,
histanfo-43-1,ya-erg,histanfo-43,1,
histanfo-43-2,ana-1-3pro,histanfo-43,2,
histanfo-43-3,keyamase-raise-pst,histanfo-43,3,
histanfo-44-0,muku-child,histanfo-44,0,
histanfo-44-1,wera-like,histanfo-44,1,
histanfo-44-2,ana-1-3pro,histanfo-44,2,
histanfo-44-3,keyamase-raise-pst,histanfo-44,3,
histanfo-44-4,ta-like,histanfo-44,4,
histanfo-45-0,nopano-good-nmlz,histanfo-45,0,
histanfo-45-2,ta-like,histanfo-45,2,
histanfo-45-3,waraijtokomo-man,histanfo-45,3,
histanfo-46-0,ana-1-3pro,histanfo-46,0,
histanfo-46-1,tapaja-beat-neg,histanfo-46,1,
histanfo-46-2,ta-like,histanfo-46,2,
histanfo-46-3,ana-1-3pro,histanfo-46,3,
histanfo-46-4,keyatase-grow-pst,histanfo-46,4,
histanfo-46-5,nope-good,histanfo-46,5,
histanfo-47-0,tewi-3pro,histanfo-47,0,
histanfo-47-1,waraijtokon-man,histanfo-47,1,
histanfo-47-2,yakere-lk-with,histanfo-47,2,
histanfo-47-3,ana-1-3pro,histanfo-47,3,
histanfo-47-4,keyamase-raise-pst,histanfo-47,4,
histanfo-47-5,ta-like,histanfo-47,5,
histanfo-47-6,wejsape-cop-pst,histanfo-47,6,
histanfo-48-0,takere-3-with,histanfo-48,0,
histanfo-48-1,ana-1-3pro,histanfo-48,1,
histanfo-48-2,wejsape-cop-pst,histanfo-48,2,
histanfo-48-3,impare-already,histanfo-48,3,
histanfo-48-4,jra-neg,histanfo-48,4,
histanfo-49-0,irejpe-then,histanfo-49,0,
histanfo-49-1,re-emp,histanfo-49,1,
histanfo-49-2,wa-thus,histanfo-49,2,
histanfo-49-3,re-emp,histanfo-49,3,
histanfo-49-4,tajtojpe-say-purp,histanfo-49,4,
histanfo-49-5,pinika-prob,histanfo-49,5,
histanfo-49-6,wire-1pro,histanfo-49,6,
histanfo-49-7,sepanse-get-married-pst,histanfo-49,7,
histanfo-50-0,irejpe-then,histanfo-50,0,
histanfo-51-0,ana-1-3pro,histanfo-51,0,
histanfo-51-1,wejsape-cop-pst,histanfo-51,1,
histanfo-52-0,make-mom,histanfo-52,0,
histanfo-52-1,yakere-lk-with,histanfo-52,1,
histanfo-52-2,ma-rst,histanfo-52,2,
histanfo-52-3,wejtane-cop-cncs,histanfo-52,3,
histanfo-52-4,teijpe-far,histanfo-52,4,
histanfo-52-5,re-emp,histanfo-52,5,
histanfo-52-6,pijke-dim,histanfo-52,6,
histanfo-52-7,ana-1-3pro,histanfo-52,7,
histanfo-52-8,yiwiti-lk-house-pert,histanfo-52,8,
histanfo-53-0,ana-1-3pro,histanfo-53,0,
histanfo-53-1,yiwij-lk-house-pert,histanfo-53,1,
histanfo-53-2,yawe-loc,histanfo-53,2,
histanfo-53-3,ana-1-3pro,histanfo-53,3,
histanfo-53-4,senejka-stay-ipfv,histanfo-53,4,
histanfo-53-5,wejsape-cop-pst,histanfo-53,5,
histanfo-53-6,tawara-too,histanfo-53,6,
histanfo-53-7,ma-rst,histanfo-53,7,
histanfo-53-8,ana-1-3pro,histanfo-53,8,
histanfo-53-9,keyatajpe-grow-pst,histanfo-53,9,
histanfo-53-10,ana-1-3pro,histanfo-53,10,
histanfo-54-0,papa-father,histanfo-54,0,
histanfo-54-1,pano-fmr,histanfo-54,1,
histanfo-54-2,patajpe-axe-pst,histanfo-54,2,
histanfo-54-3,te-loc,histanfo-54,3,
histanfo-55-0,empare-already,histanfo-55,0,
histgrme-29-0,asakere-two,histgrme-29,0,
histgrme-29-1,re-emp,histgrme-29,1,
histgrme-29-2,me-2,histgrme-29,2,
histgrme-29-3,yawajke-grate-imp,histgrme-29,3,
histgrme-29-4,asake-two,histgrme-29,4,
histgrme-29-5,me-2,histgrme-29,5,
histgrme-29-6,yumukunu-lk-hand-pert,histgrme-29,6,
histgrme-83-0,wepiri-come-ipfv,histgrme-83,0,
histgrme-83-1,make-mom,histgrme-83,1,
ctoaragrme-5-0,me-2,ctoaragrme-5,0,
ctoaragrme-5-1,yakarama-tell-ipfv,ctoaragrme-5,1,
ctoaragrme-5-2,mare-rel-inan,ctoaragrme-5,2,
ctoaragrme-38-0,ire-3ana-inan,ctoaragrme-38,0,
ctoaragrme-38-1,wejtane-cop-cncs,ctoaragrme-38,1,
ctoaragrme-38-2,mujyam-pregnancy,ctoaragrme-38,2,
ctoaragrme-38-3,pe-ess,ctoaragrme-38,3,
ctoaragrme-38-4,patakaja-take-out-neg,ctoaragrme-38,4,
ctoaragrme-38-5,wejsape-cop-pst,ctoaragrme-38,5,
ctoaragrme-39-0,apatakaja-come-out-neg,ctoaragrme-39,0,
ctoaragrme-39-1,pinika-prob-1,ctoaragrme-39,1,
ctoaragrme-39-2,wejsape-cop-pst,ctoaragrme-39,2,
ctoaragrme-40-0,tayakijteja-3p-sleep-with-neg,ctoaragrme-40,0,
ctoaragrme-40-1,pinika-prob,ctoaragrme-40,1,
ctoaragrme-40-2,wejsape-cop-pst,ctoaragrme-40,2,
ctoyucairdi-104-0,tawara-too,ctoyucairdi-104,0,
ctoyucairdi-104-1,wire-1pro,ctoyucairdi-104,1,
ctoyucairdi-104-2,tase-say-pst,ctoyucairdi-104,2,
ctoyucairdi-104-3,tepana-3-dat,ctoyucairdi-104,3,
desccasagrme-28-0,tewi-3pro,desccasagrme-28,0,
desccasagrme-28-1,nwajtenepeke-dance-prog-intr,desccasagrme-28,1,
descmensgrme-78-0,aniki-who,descmensgrme-78,0,
descmensgrme-78-1,ta-like,descmensgrme-78,1,
descmensgrme-78-2,u-1,descmensgrme-78,2,
descmensgrme-78-3,yeremari-feed-ipfv,descmensgrme-78,3,
desccasmaj-38-0,yapijtom-old,desccasmaj-38,0,
desccasmaj-38-1,pe-ess,desccasmaj-38,1,
desccasmaj-38-2,wire-1pro,desccasmaj-38,2,
desccasmaj-38-3,wejtane-cop-cncs,desccasmaj-38,3,
desccasmaj-38-4,ke-ugh,desccasmaj-38,4,
desccasmaj-38-5,wi-1,desccasmaj-38,5,
desccasmaj-38-6,yape-lk-arm-wing-pert,desccasmaj-38,6,
desccasmaj-38-7,moroni-pain,desccasmaj-38,7,
conv1stenc-2-0,kwase-how,conv1stenc-2,0,
conv1stenc-2-1,ne-ints,conv1stenc-2,1,
conv1stenc-2-2,wepijpe-come-pst,conv1stenc-2,2,
conv1stenc-2-3,konton-pl,conv1stenc-2,3,
conv1stenc-2-4,ti-hsy,conv1stenc-2,4,
conv1stenc-2-5,ta-say-ipfv,conv1stenc-2,5,
conv1stenc-28-0,wejkaja-fall-neg,conv1stenc-28,0,
conv1stenc-28-1,ana-1-3pro,conv1stenc-28,1,
conv1stenc-28-2,tese-go-pst,conv1stenc-28,2,
conv1stenc-28-3,neke-cntr,conv1stenc-28,3,
conv1stenc-28-4,ne-ints,conv1stenc-28,4,
conv1stenc-109-0,yajtepe-before,conv1stenc-109,0,
conv1stenc-109-1,neke-cntr,conv1stenc-109,1,
conv1stenc-109-2,n-ints,conv1stenc-109,2,
conv1stenc-109-3,ti-hsy,conv1stenc-109,3,
conv1stenc-109-4,warota-work-ipfv,conv1stenc-109,4,
conv1stenc-109-5,kontomo-pl,conv1stenc-109,5,
conv1stenc-109-6,wejsape-cop-pst,conv1stenc-109,6,
conv1stenc-123-0,wurijyantomo-woman-pl,conv1stenc-123,0,
conv1stenc-123-1,re-emp,conv1stenc-123,1,
conv1stenc-123-2,wejsape-cop-pst,conv1stenc-123,2,
conv1stenc-123-3,ijte-there,conv1stenc-123,3,
convsuenmaj-17-0,tainiri-3p-see-ipfv,convsuenmaj-17,0,
convamgu-5-0,chayi-son,convamgu-5,0,
convamgu-5-1,muku-child,convamgu-5,1,
convamgu-5-2,tase-say-pst,convamgu-5,2,
convamgu-5-3,ta-like,convamgu-5,3,
convamgu-5-4,make-mom,convamgu-5,4,
convamgu-5-5,pano-fmr,convamgu-5,5,
convamgu-5-6,ya-erg,convamgu-5,6,
convamgu-7-0,tototomo-non-indian-pl,convamgu-7,0,
convamgu-7-1,pata-village-pert,convamgu-7,1,
convamgu-7-2,yaka-all,convamgu-7,2,
convamgu-7-3,me-2,convamgu-7,3,
convamgu-7-4,teja-go-neg,convamgu-7,4,
convamgu-48-0,asane-2-mother-pert,convamgu-48,0,
convamgu-48-1,tanemese-3p-leave-pst,convamgu-48,1,
convamgu-48-2,mere-2pro,convamgu-48,2,
convamgu-48-3,nono-earth-pert,convamgu-48,3,
convamgu-48-4,mokontomo-2pl-pro,convamgu-48,4,
convamgu-48-5,warotatojpe-work-purp,convamgu-48,5,
convamgu-143-0,mere-2pro,convamgu-143,0,
convamgu-143-1,ma-rst,convamgu-143,1,
convamgu-143-2,ejne-1-2pro,convamgu-143,2,
convamgu-143-3,waimu-language-pert,convamgu-143,3,
convamgu-143-4,yaye-loc,convamgu-143,4,
convamgu-143-5,me-2,convamgu-143,5,
convamgu-143-6,waimuru-speak-ipfv,convamgu-143,6,
convamgu-199-0,tewi-3pro,convamgu-199,0,
convamgu-199-1,wire-1pro,convamgu-199,1,
convamgu-199-2,inija-see-neg,convamgu-199,2,
convamgu-246-0,me-2,convamgu-246,0,
convamgu-246-1,inta-mouth-pert,convamgu-246,1,
convamgu-246-2,yaka-all,convamgu-246,2,
convamgu-272-0,me-2,convamgu-272,0,
convamgu-272-1,waijte-head-pert,convamgu-272,1,
convamgu-272-2,yaka-all,convamgu-272,2,
convamgu-272-3,wejkase-fall-pst,convamgu-272,3,
convhistfamsjm-13-0,tewi-3pro,convhistfamsjm-13,0,
convhistfamsjm-13-1,ma-rst,convhistfamsjm-13,1,
convhistfamsjm-13-2,taki-cnfrm,convhistfamsjm-13,2,
convhistfamsjm-13-3,me-2,convhistfamsjm-13,3,
convhistfamsjm-13-4,yakarama-tell-ipfv,convhistfamsjm-13,4,
convhistfamsjm-13-5,chijpe-cop-pst-acnnmlz,convhistfamsjm-13,5,
convhistfamsjm-13-6,wara-thus,convhistfamsjm-13,6,
convhistfamsjm-13-7,re-emp,convhistfamsjm-13,7,
convhistfamsjm-13-8,kwa-how,convhistfamsjm-13,8,
convhistfamsjm-13-9,ta-like,convhistfamsjm-13,9,
convhistfamsjm-13-10,senkatoj-finish-circ-nmlz,convhistfamsjm-13,10,
convhistfamsjm-15-0,kwase-how,convhistfamsjm-15,0,
convhistfamsjm-15-1,me-2,convhistfamsjm-15,1,
convhistfamsjm-15-2,empamijpe-learn-pst,convhistfamsjm-15,2,
convhistfamsjm-15-3,ejne-1-2pro,convhistfamsjm-15,3,
convhistfamsjm-15-4,waimu-language-pert,convhistfamsjm-15,4,
convhistfamsjm-15-5,yaye-loc,convhistfamsjm-15,5,
convhistfamsjm-235-0,tayakaramaja-3p-tell-neg,convhistfamsjm-235,0,
convhistfamsjm-238-0,irejpe-then,convhistfamsjm-238,0,
convhistfamsjm-238-2,re-emp,convhistfamsjm-238,2,
convhistfamsjm-238-3,me-2,convhistfamsjm-238,3,
convhistfamsjm-238-4,empamijpe-learn-pst,convhistfamsjm-238,4,
convhistfamsjm-238-5,tajto-say-circ-nmlz,convhistfamsjm-238,5,
convhistfamsjm-238-6,mare-rel-inan-1,convhistfamsjm-238,6,
convhistfamsjm-238-7,ti-hsy,convhistfamsjm-238,7,
convhistfamsjm-244-0,toto-non-indian,convhistfamsjm-244,0,
convhistfamsjm-244-1,waimu-language-pert,convhistfamsjm-244,1,
convhistfamsjm-244-2,yaye-loc,convhistfamsjm-244,2,
convhistfamsjm-244-3,jra-neg,convhistfamsjm-244,3,
ctowaru-52-0,taperi-3-arm-wing-pert,ctowaru-52,0,
ctorosq-37-0,pitipejsape-paint-plur-pfv,ctorosq-37,0,
ctorosq-37-1,chipe-caranna,ctorosq-37,1,
ctorosq-37-2,ke-ins,ctorosq-37,2,
ctorosq-37-3,piti-paint,ctorosq-37,3,
ctorosq-37-4,piti-paint,ctorosq-37,4,
ctorosq-37-5,piti-paint,ctorosq-37,5,
ctorosq-37-6,wa-thus,ctorosq-37,6,
ctorosq-37-7,re-emp,ctorosq-37,7,
ctorosq-109-0,tejrama-go-proh,ctorosq-109,0,
ctorosq-109-1,sejke-be-imp,ctorosq-109,1,
ctorosq-109-2,u-1,ctorosq-109,2,
ctorosq-109-3,pekepene-alone,ctorosq-109,3,
ctorosq-109-4,wire-1pro,ctorosq-109,4,
ctorosq-109-5,teri-go-ipfv,ctorosq-109,5,
ctorat-1-0,make-mom,ctorat-1,0,
ctorat-1-1,ya-erg,ctorat-1,1,
ctorat-1-2,ta-say-ipfv,ctorat-1,2,
ctorat-1-3,taji-foc,ctorat-1,3,
ctorat-1-4,re-emp,ctorat-1,4,
ctorat-2-0,waijta-mouse,ctorat-2,0,
ctorat-3-0,enijpete-one,ctorat-3,0,
ctorat-3-1,re-emp,ctorat-3,1,
ctorat-3-2,waraijtokomo-man,ctorat-3,2,
ctorat-3-3,ijtese-3-go-pst,ctorat-3,3,
ctorat-3-4,ti-hsy,ctorat-3,4,
ctorat-3-5,mijna-there-all,ctorat-3,5,
ctorat-3-6,teijpo-far-1,ctorat-3,6,
ctorat-3-7,winijse-sleep-sup,ctorat-3,7,
ctorat-4-0,yutu-forest,ctorat-4,0,
ctorat-4-1,yaka-all,ctorat-4,1,
ctorat-5-0,irejpe-then,ctorat-5,0,
ctorat-5-1,ti-hsy,ctorat-5,1,
ctorat-5-2,ta-say-ipfv,ctorat-5,2,
ctorat-5-3,ti-hsy,ctorat-5,3,
ctorat-5-4,ta-like,ctorat-5,4,
ctorat-6-0,winijse-sleep-pst,ctorat-6,0,
ctorat-7-0,tawani-darkness,ctorat-7,0,
ctorat-7-1,yawe-loc,ctorat-7,1,
ctorat-7-2,senejka-stay-ipfv,ctorat-7,2,
ctorat-7-3,wejsape-cop-pst,ctorat-7,3,
ctorat-7-4,irejpe-then,ctorat-7,4,
ctorat-7-5,enujse-go-up-pst,ctorat-7,5,
ctorat-7-6,kawe-high,ctorat-7,6,
ctorat-8-0,kawe-high,ctorat-8,0,
ctorat-8-1,enujse-go-up-pst,ctorat-8,1,
ctorat-8-2,irejpe-then,ctorat-8,2,
ctorat-9-0,ti-hsy,ctorat-9,0,
ctorat-9-1,waijtaton-mouse-pl,ctorat-9,1,
ctorat-9-2,nwajte-dance-ipfv,ctorat-9,2,
ctorat-9-3,wejsape-cop-pst,ctorat-9,3,
ctorat-10-0,sakunkai-s,ctorat-10,0,
ctorat-10-1,sakunkai-s,ctorat-10,1,
ctorat-11-0,sakunkai-s,ctorat-11,0,
ctorat-11-1,ta-say-ipfv,ctorat-11,1,
ctorat-11-2,ta-like,ctorat-11,2,
ctorat-11-3,irejpe-then,ctorat-11,3,
ctorat-11-4,sakunkai-s,ctorat-11,4,
ctorat-12-0,wurijyampijke-woman-dim,ctorat-12,0,
ctorat-12-2,tawara-too,ctorat-12,2,
ctorat-12-3,re-emp,ctorat-12,3,
ctorat-12-4,wejsape-cop-pst,ctorat-12,4,
ctorat-13-0,tewi-3pro,ctorat-13,0,
ctorat-13-1,nai-do-ipfv,ctorat-13,1,
ctorat-13-2,konton-pl,ctorat-13,2,
ctorat-13-3,ti-hsy,ctorat-13,3,
ctorat-13-4,tawara-too,ctorat-13,4,
ctorat-14-0,oki-chicha,ctorat-14,0,
ctorat-14-1,yeni-drink-ipfv-1,ctorat-14,1,
ctorat-14-2,ta-3pro,ctorat-14,2,
ctorat-14-3,jne-pl,ctorat-14,3,
ctorat-14-4,ya-erg,ctorat-14,4,
ctorat-14-5,soj-splash,ctorat-14,5,
ctorat-14-6,soj-splash,ctorat-14,6,
ctorat-14-7,soj-splash,ctorat-14,7,
ctorat-15-0,ta-3pro,ctorat-15,0,
ctorat-15-1,jne-pl,ctorat-15,1,
ctorat-15-2,naijpetiri-do-plur-ipfv,ctorat-15,2,
ctorat-15-3,wa-thus,ctorat-15,3,
ctorat-15-4,re-emp,ctorat-15,4,
ctorat-16-0,irejpe-then,ctorat-16,0,
ctorat-16-1,tewi-3pro,ctorat-16,1,
ctorat-16-2,waijtatomo-mouse-pl,ctorat-16,2,
ctorat-16-3,nwajteri-dance-ipfv,ctorat-16,3,
ctorat-17-0,waijtatomo-mouse-pl,ctorat-17,0,
ctorat-17-1,ejwenakase-vomit-pst,ctorat-17,1,
ctorat-18-0,ire-3ana-inan,ctorat-18,0,
ctorat-18-1,wejtane-cop-cncs,ctorat-18,1,
ctorat-18-2,ti-hsy,ctorat-18,2,
ctorat-19-0,pirare-neg-exist,ctorat-19,0,
ctorat-19-1,ti-hsy,ctorat-19,1,
ctorat-19-2,iwenaru-3-vomit-pert,ctorat-19,2,
ctorat-19-3,wejsape-cop-pst,ctorat-19,3,
ctorat-20-0,wenaru-vomit-pert,ctorat-20,0,
ctorat-20-1,pirare-neg-exist,ctorat-20,1,
ctorat-20-2,irejpe-then,ctorat-20,2,
ctorat-20-3,ti-hsy,ctorat-20,3,
ctorat-21-0,ta-say-ipfv,ctorat-21,0,
ctorat-21-1,ti-hsy,ctorat-21,1,
ctorat-21-2,ta-like,ctorat-21,2,
ctorat-21-3,tewi-3pro,ctorat-21,3,
ctorat-21-4,waraijtokomo-man,ctorat-21,4,
ctorat-21-5,ya-erg,ctorat-21,5,
ctorat-22-0,sujtase-urinate-pst,ctorat-22,0,
ctorat-22-1,ti-hsy,ctorat-22,1,
ctorat-22-2,wejsape-cop-pst,ctorat-22,2,
ctorat-23-0,aaa-ah,ctorat-23,0,
ctorat-23-1,u-1,ctorat-23,1,
ctorat-23-2,sukuru-urine-pert,ctorat-23,2,
ctorat-23-3,morone-hurting,ctorat-23,3,
ctorat-23-4,ta-like,ctorat-23,4,
ctorat-23-5,wire-1pro,ctorat-23,5,
ctorat-23-6,u-1,ctorat-23,6,
ctorat-23-7,sujta-urinate-ipfv,ctorat-23,7,
ctorat-23-8,ta-like,ctorat-23,8,
ctorat-23-9,ne-ints,ctorat-23,9,
ctorat-24-0,wa-thus,ctorat-24,0,
ctorat-24-1,re-emp,ctorat-24,1,
ctorat-24-2,sujtase-urinate-pst,ctorat-24,2,
ctorat-25-0,irejpe-then,ctorat-25,0,
ctorat-25-1,ta-say-ipfv,ctorat-25,1,
ctorat-25-2,ti-hsy,ctorat-25,2,
ctorat-25-3,ta-like,ctorat-25,3,
ctorat-25-4,konopo-rain,ctorat-25,4,
ctorat-25-5,wejsare-come-imn,ctorat-25,5,
ctorat-25-6,konopo-rain,ctorat-25,6,
ctorat-25-7,wejsare-come-imn,ctorat-25,7,
ctorat-26-0,ta-say-ipfv,ctorat-26,0,
ctorat-26-1,ti-hsy,ctorat-26,1,
ctorat-26-2,ta-like,ctorat-26,2,
ctorat-26-3,waijtatomo-mouse-pl,ctorat-26,3,
ctorat-26-4,ya-erg,ctorat-26,4,
ctorat-27-0,irejpe-then,ctorat-27,0,
ctorat-27-1,pirare-neg-exist,ctorat-27,1,
ctorat-27-2,ti-hsy,ctorat-27,2,
ctorat-27-3,wa-thus,ctorat-27,3,
ctorat-27-4,re-emp,ctorat-27,4,
ctorat-27-5,irejpe-then,ctorat-27,5,
ctorat-27-6,wa-thus,ctorat-27,6,
ctorat-27-7,re-emp,ctorat-27,7,
ctorat-28-0,irejpe-then,ctorat-28,0,
ctorat-28-1,tawejka-dawn-acnnmlz,ctorat-28,1,
ctorat-28-2,yawe-loc,ctorat-28,2,
ctorat-29-0,waijtatomojpe-mouse-pl-pst,ctorat-29,0,
ctorat-29-1,ijtese-3-go-pst,ctorat-29,1,
ctorat-29-2,ti-hsy,ctorat-29,2,
ctorat-30-0,tipase-go-in-group-pst,ctorat-30,0,
ctorat-30-1,kontomo-pl,ctorat-30,1,
ctorat-30-2,wa-thus,ctorat-30,2,
ctorat-30-3,re-emp,ctorat-30,3,
ctorat-30-4,irejpe-then,ctorat-30,4,
ctorat-30-5,pirare-neg-exist,ctorat-30,5,
ctorat-31-0,ejwenakajpe-vomit-pst-acnnmlz,ctorat-31,0,
ctorat-31-1,tainpetiri-3p-see-plur-ipfv,ctorat-31,1,
ctorat-31-2,waraijtokomo-man,ctorat-31,2,
ctorat-31-3,tewi-3pro,ctorat-31,3,
ctorat-32-0,waraijtokomo-man,ctorat-32,0,
ctorat-32-1,ya-erg,ctorat-32,1,
ctorat-32-2,inpeti-see-plur-ipfv,ctorat-32,2,
ctorat-32-3,ti-hsy,ctorat-32,3,
ctorat-33-0,irejpe-then,ctorat-33,0,
ctorat-33-1,ti-hsy,ctorat-33,1,
ctorat-33-2,wenakajpe-vomit-pst,ctorat-33,2,
ctorat-33-3,mare-rel-inan,ctorat-33,3,
ctorat-33-4,pirare-neg-exist,ctorat-33,4,
ctorat-33-5,ti-hsy,ctorat-33,5,
ctorat-34-0,ekete-where,ctorat-34,0,
ctorat-34-1,mere-med-inan,ctorat-34,1,
ctorat-34-2,eki-chicha,ctorat-34,2,
ctorat-35-0,eki-chicha,ctorat-35,0,
ctorat-35-1,ta-like,ctorat-35,1,
ctorat-35-2,re-emp,ctorat-35,2,
ctorat-35-3,pirare-neg-exist,ctorat-35,3,
ctorat-35-4,wenarujpe-vomit-pert-pst,ctorat-35,4,
ctorat-35-5,ta-like,ctorat-35,5,
ctorat-35-6,re-emp,ctorat-35,6,
ctorat-35-7,pirare-neg-exist,ctorat-35,7,
ctorat-36-0,ta-say-ipfv,ctorat-36,0,
ctorat-36-1,ti-hsy,ctorat-36,1,
ctorat-36-2,wejsaj-cop-pst,ctorat-36,2,
ctorat-36-3,ti-hsy,ctorat-36,3,
ctorat-36-4,tewi-3pro,ctorat-36,4,
ctorat-37-0,waijtatomo-mouse-pl,ctorat-37,0,
ctorat-37-1,nwajte-dance-ipfv,ctorat-37,1,
ctorat-37-2,mare-still,ctorat-37,2,
ctorat-38-0,ejte-house-npert,ctorat-38,0,
ctorat-38-1,kerejpe-old,ctorat-38,1,
ctorat-38-2,yawe-loc,ctorat-38,2,
ctorat-38-3,nwajte-dance-ipfv,ctorat-38,3,
ctorat-38-4,konton-pl,ctorat-38,4,
ctorat-38-5,ti-hsy,ctorat-38,5,
ctorat-38-6,wejsape-cop-pst,ctorat-38,6,
ctorat-38-7,waijta-mouse,ctorat-38,7,
ctorat-39-0,sukase-all,ctorat-39,0,
ctorat-39-1,nwajteri-dance-ipfv,ctorat-39,1,
ctorat-39-2,irejpe-then,ctorat-39,2,
ctorat-39-3,ti-hsy,ctorat-39,3,
ctorat-39-4,wa-thus,ctorat-39,4,
ctorat-39-5,re-emp,ctorat-39,5,
ctorat-40-0,tipapejse-go-in-group-plur-pst,ctorat-40,0,
ctorat-40-1,jne-pl,ctorat-40,1,
ctorat-40-2,waijta-mouse,ctorat-40,2,
ctorat-40-3,jne-pl,ctorat-40,3,
ctorat-41-0,ajpachi-undergrowth,ctorat-41,0,
ctorat-41-1,yaka-all,ctorat-41,1,
ctorat-41-2,pinika-prob,ctorat-41,2,
ctorat-41-3,ekejna-where-nmlz,ctorat-41,3,
ctorat-41-4,neke-cntr,ctorat-41,4,
ctorat-41-5,wonse-enter-pst,ctorat-41,5,
ctorat-42-0,tewi-3pro,ctorat-42,0,
ctorat-42-1,ajpachi-undergrowth,ctorat-42,1,
ctorat-42-2,yaka-all,ctorat-42,2,
ctorat-42-3,wonse-enter-pst,ctorat-42,3,
ctorat-42-4,pinika-prob,ctorat-42,4,
ctorat-42-5,tewi-3pro,ctorat-42,5,
ctorat-43-0,tewi-3pro,ctorat-43,0,
ctorat-43-1,ma-rst,ctorat-43,1,
ctorat-43-2,tase-say-pst,ctorat-43,2,
ctorat-43-3,make-mom,ctorat-43,3,
ctorat-43-4,ya-erg,ctorat-43,4,
ctorat-44-0,tawara-too,ctorat-44,0,
ctorat-44-1,ma-rst,ctorat-44,1,
ctorat-44-2,ta-say-ipfv,ctorat-44,2,
ctorat-44-3,ti-hsy,ctorat-44,3,
ctorat-44-4,wejsape-cop-pst,ctorat-44,4,
ctorat-44-5,tewi-3pro,ctorat-44,5,
ctorat-45-0,waraijtokon-man,ctorat-45,0,
ctorat-45-1,maniki-rel-anim,ctorat-45,1,
ctorat-45-2,irejpe-then,ctorat-45,2,
ctorat-45-3,ijtese-3-go-pst,ctorat-45,3,
ctorat-46-0,tiwij-3-house-pert,ctorat-46,0,
ctorat-46-1,yaka-all,ctorat-46,1,
ctorat-46-2,waraijtokomo-man,ctorat-46,2,
ctovarmafl-36-0,aaa-ah,ctovarmafl-36,0,
ctovarmafl-36-1,ijtari-3-foot-pert,ctovarmafl-36,1,
ctovarmafl-36-2,jra-neg,ctovarmafl-36,2,
ctovarmafl-36-3,ta-like,ctovarmafl-36,3,
ctovarmafl-283-0,tewi-3pro,ctovarmafl-283,0,
ctovarmafl-283-1,ke-ins,ctovarmafl-283,1,
ctovarmafl-283-2,ma-rst,ctovarmafl-283,2,
ctovarmafl-283-3,me-2,ctovarmafl-283,3,
ctovarmafl-283-4,yepema-pay-ipfv,ctovarmafl-283,4,
ctovarmafl-283-5,wire-1pro,ctovarmafl-283,5,
ctovarmafl-283-6,ya-erg,ctovarmafl-283,6,
ctovarmafl-283-7,ta-say-ipfv,ctovarmafl-283,7,
ctovarmafl-283-8,ti-hsy,ctovarmafl-283,8,
ctovarmafl-283-9,ta-like,ctovarmafl-283,9,
ctovarmafl-324-0,michi-med-anim,ctovarmafl-324,0,
ctovarmafl-324-1,ma-rst,ctovarmafl-324,1,
ctovarmafl-324-2,me-2,ctovarmafl-324,2,
ctovarmafl-324-3,yapejjrama-grab-proh,ctovarmafl-324,3,
ctovarmafl-443-0,me-2,ctovarmafl-443,0,
ctovarmafl-443-1,pana-dat,ctovarmafl-443,1,
ctovarmafl-443-2,ma-rst,ctovarmafl-443,2,
ctovarmafl-443-3,tataja-3p-say-neg,ctovarmafl-443,3,
ctovarmafl-443-4,wejsape-cop-pst,ctovarmafl-443,4,
ctotawirdi-150-0,epese-escape-pst,ctotawirdi-150,0,
ctotawirdi-150-1,kontomo-pl,ctotawirdi-150,1,
histpajirdi-17-0,me-2,histpajirdi-17,0,
histpajirdi-17-1,we-kill-ipfv,histpajirdi-17,1,
histpajirdi-17-2,wire-1pro,histpajirdi-17,2,
histpajirdi-17-3,ya-erg,histpajirdi-17,3,
histpajirdi-107-0,yakaramaja-tell-neg,histpajirdi-107,0,
histpajirdi-114-0,me-2,histpajirdi-114,0,
histpajirdi-114-1,tojpa-hit-ipfv,histpajirdi-114,1,
histpajirdi-114-2,wire-1pro,histpajirdi-114,2,
histpajirdi-131-0,ta-3pro,histpajirdi-131,0,
histpajirdi-131-1,jne-pl,histpajirdi-131,1,
histpajirdi-131-2,nankase-find-pst,histpajirdi-131,2,
histpajirdi-131-3,takerejtomo-3-relative-pert-pl,histpajirdi-131,3,
histpajirdi-131-4,ya-erg,histpajirdi-131,4,
histpajirdi-186-0,tichikimuru-3-knee-pert,histpajirdi-186,0,
histpajirdi-186-2,wa-thus,histpajirdi-186,2,
histpajirdi-186-3,re-emp,histpajirdi-186,3,
histpajirdi-186-4,patakasape-take-out-pfv,histpajirdi-186,4,
histpajirdi-186-5,yakucho-p-a,histpajirdi-186,5,
histpajirdi-186-6,pana-dat,histpajirdi-186,6,
histpajirdi-237-0,aaa-ah,histpajirdi-237,0,
histpajirdi-237-1,me-2,histpajirdi-237,1,
histpajirdi-237-2,yakerej-lk-relative-pert,histpajirdi-237,2,
histpajirdi-237-3,semase-die-pst,histpajirdi-237,3,
histpajirdi-237-4,aj-ah,histpajirdi-237,4,
histpajirdi-237-5,inche-see-sup,histpajirdi-237,5,
histpajirdi-237-6,u-1,histpajirdi-237,6,
histpajirdi-237-7,teri-go-ipfv,histpajirdi-237,7,
histpajirdi-237-8,jra-neg,histpajirdi-237,8,
histpajirdi-270-0,ee-yes,histpajirdi-270,0,
histpajirdi-270-1,me-2,histpajirdi-270,1,
histpajirdi-270-2,yakereti-lk-relative-pert,histpajirdi-270,2,
histyarirdi-34-0,esepeke-detrz-about,histyarirdi-34,0,
histyarirdi-34-1,ka-q,histyarirdi-34,1,
histyarirdi-34-2,wejsape-cop-pst,histyarirdi-34,2,
histyarirdi-34-3,kontomo-pl,histyarirdi-34,3,
histyarirdi-66-0,irejpe-then,histyarirdi-66,0,
histyarirdi-66-1,wepijpe-come-pst,histyarirdi-66,1,
histyarirdi-66-2,kontomo-pl,histyarirdi-66,2,
histyarirdi-124-0,kukuru-answer-ipfv,histyarirdi-124,0,
histyarirdi-124-1,jra-neg,histyarirdi-124,1,
histyarirdi-124-2,tewi-3pro,histyarirdi-124,2,
histyarirdi-142-2,nwa-thus,histyarirdi-142,2,
histyarirdi-142-3,re-emp,histyarirdi-142,3,
histyarirdi-142-4,ejne-1-2pro,histyarirdi-142,4,
histyarirdi-142-5,weseyu-be-angry-acnnmlz,histyarirdi-142,5,
histyarirdi-142-6,wera-like,histyarirdi-142,6,
histyarirdi-142-7,re-emp,histyarirdi-142,7,
histyarirdi-142-8,ejne-1-2pro,histyarirdi-142,8,
histyarirdi-142-9,tapa-beat-ipfv,histyarirdi-142,9,
histyarirdi-142-10,ta-like,histyarirdi-142,10,
histyarirdi-160-0,weroro-dog,histyarirdi-160,0,
histyarirdi-160-1,wera-like,histyarirdi-160,1,
histyarirdi-160-2,keyetari-grow-ipfv,histyarirdi-160,2,
histyarirdi-160-3,me-2,histyarirdi-160,3,
histyarirdi-160-4,mukuru-child-pert,histyarirdi-160,4,
histyarirdi-186-0,tewisantomo-3pro-pl,histyarirdi-186,0,
histyarirdi-186-1,wire-1pro,histyarirdi-186,1,
histyarirdi-186-2,wejyate-in-house-of,histyarirdi-186,2,
histyarirdi-186-3,keyetajpe-grow-pst,histyarirdi-186,3,
histyarirdi-186-4,jra-neg,histyarirdi-186,4,
histyarirdi-276-0,takonojpe-other-pst,histyarirdi-276,0,
histyarirdi-276-1,re-emp,histyarirdi-276,1,
histyarirdi-276-2,yapijtontomo-old-pl,histyarirdi-276,2,
histyarirdi-276-4,najpitom-grandfather-pl,histyarirdi-276,4,
histyarirdi-276-5,pan-fmr,histyarirdi-276,5,
histyarirdi-276-6,yakono-lk-younger-sister-of-woman-pert,histyarirdi-276,6,
histyarirdi-276-7,wire-1pro,histyarirdi-276,7,
histyarirdi-276-8,inijpe-see-pst,histyarirdi-276,8,
histyarirdi-276-9,chipeken-because,histyarirdi-276,9,
histyarirdi-276-10,taki-cnfrm,histyarirdi-276,10,
histyarirdi-276-11,wire-1pro,histyarirdi-276,11,
histyarirdi-276-12,taro-say-ipfv,histyarirdi-276,12,
histyarirdi-437-0,mare-still-1,histyarirdi-437,0,
histyarirdi-437-1,wire-1pro,histyarirdi-437,1,
histyarirdi-437-2,sempinukuja-close-eyes-neg,histyarirdi-437,2,
histyarirdi-437-3,re-emp,histyarirdi-437,3,
histyarirdi-437-4,wejtane-cop-cncs,histyarirdi-437,4,
histyarirdi-437-5,mokontomo-2pl-pro,histyarirdi-437,5,
histyarirdi-437-6,u-1,histyarirdi-437,6,
histyarirdi-437-7,nono-earth-pert,histyarirdi-437,7,
histyarirdi-437-8,wire-1pro,histyarirdi-437,8,
histyarirdi-437-9,nono-earth-pert,histyarirdi-437,9,
histyarirdi-437-10,yenekapeke-take-away-prog-tr,histyarirdi-437,10,
histyarirdi-539-0,chima-path,histyarirdi-539,0,
histyarirdi-539-1,kontomo-pl,histyarirdi-539,1,
histyarirdi-559-0,ire-3ana-inan,histyarirdi-559,0,
histyarirdi-559-1,wa-thus,histyarirdi-559,1,
histyarirdi-559-2,chipeke-because,histyarirdi-559,2,
histyarirdi-559-3,tapojteja-3p-want-neg,histyarirdi-559,3,
histyarirdi-559-4,wejsape-cop-pst,histyarirdi-559,4,
histyarirdi-559-5,ire-3ana-inan,histyarirdi-559,5,
histyarirdi-559-6,wa-thus,histyarirdi-559,6,
histyarirdi-559-7,chipeke-because,histyarirdi-559,7,
histyarirdi-559-8,ta-3pro,histyarirdi-559,8,
histyarirdi-559-9,jne-pl,histyarirdi-559,9,
histyarirdi-559-10,wepejse-kill-plur-pst,histyarirdi-559,10,
histyarirdi-559-11,tewi-3pro,histyarirdi-559,11,
histyarirdi-559-12,sukase-all,histyarirdi-559,12,
histyarirdi-559-13,winijsaj-sleep-pfv,histyarirdi-559,13,
histyarirdi-559-14,konton-pl,histyarirdi-559,14,
histyarirdi-559-15,yawe-loc,histyarirdi-559,15,
histyarirdi-592-0,pata-village,histyarirdi-592,0,
histyarirdi-592-1,penarejpe-ancestor-pst,histyarirdi-592,1,
histyarirdi-592-2,mete-here,histyarirdi-592,2,
histyarirdi-592-3,ta-like,histyarirdi-592,3,
histyarirdi-592-4,mere-med-inan,histyarirdi-592,4,
histyarirdi-592-7,tajtoj-say-circ-nmlz,histyarirdi-592,7,
histyarirdi-592-8,mare-still,histyarirdi-592,8,
histyarirdi-592-9,toto-non-indian,histyarirdi-592,9,
histyarirdi-592-10,ya-erg,histyarirdi-592,10,
histyarirdi-615-0,wire-1pro,histyarirdi-615,0,
histyarirdi-615-1,inija-see-neg,histyarirdi-615,1,
histyarirdi-615-2,tewi-3pro,histyarirdi-615,2,
histyarirdi-633-0,me-2,histyarirdi-633,0,
histyarirdi-633-1,inija-see-neg,histyarirdi-633,1,
histyarirdi-633-2,ka-q,histyarirdi-633,2,
histyarirdi-633-3,aniki-who,histyarirdi-633,3,
histyarirdi-633-4,pinchi-hes,histyarirdi-633,4,
histyarirdi-633-5,tenesem-fish,histyarirdi-633,5,
histyarirdi-633-6,warai-like,histyarirdi-633,6,
histyarirdi-723-0,ire-3ana-inan,histyarirdi-723,0,
histyarirdi-723-1,nwa-thus,histyarirdi-723,1,
histyarirdi-723-2,chipeke-because,histyarirdi-723,2,
histyarirdi-723-3,u-1,histyarirdi-723,3,
histyarirdi-723-4,samori-cry-ipfv,histyarirdi-723,4,
histyarirdi-723-5,u-1,histyarirdi-723,5,
histyarirdi-723-6,yipi-mountain-pert,histyarirdi-723,6,
histyarirdi-723-7,inchare-see-imn,histyarirdi-723,7,
histyarirdi-875-0,u-1,histyarirdi-875,0,
histyarirdi-875-1,yepematojpe-pay-purp,histyarirdi-875,1,
histyarirdi-875-2,pirare-neg-exist,histyarirdi-875,2,
histyarirdi-875-3,wire-1pro,histyarirdi-875,3,
histyarirdi-875-4,inawe-have,histyarirdi-875,4,
histyarirdi-893-0,kee-ugh,histyarirdi-893,0,
histyarirdi-893-1,u-1,histyarirdi-893,1,
histyarirdi-893-2,yejwetunu-lk-sick-pert,histyarirdi-893,2,
histyarirdi-893-3,kee-ugh,histyarirdi-893,3,
histyarirdi-893-4,wire-1pro,histyarirdi-893,4,
histyarirdi-893-5,waijteri-head-pert,histyarirdi-893,5,
histyarirdi-893-6,kee-ugh,histyarirdi-893,6,
histyarirdi-893-7,u-1,histyarirdi-893,7,
histyarirdi-893-8,yaperi-lk-arm-wing-pert,histyarirdi-893,8,
histyarirdi-893-9,wire-1pro,histyarirdi-893,9,
histyarirdi-893-10,poreri-leg-pert,histyarirdi-893,10,
histyarirdi-893-11,wire-1pro,histyarirdi-893,11,
histyarirdi-893-12,chikimuru-knee-pert,histyarirdi-893,12,
histyarirdi-894-0,nwa-thus,histyarirdi-894,0,
histyarirdi-894-1,re-emp,histyarirdi-894,1,
histyarirdi-894-2,me-2,histyarirdi-894,2,
histyarirdi-894-3,tepetiri-go-plur-ipfv,histyarirdi-894,3,
histyarirdi-894-4,tepeti-go-plur-ipfv,histyarirdi-894,4,
histyarirdi-894-5,jra-neg,histyarirdi-894,5,
histyarirdi-894-6,sejke-be-imp,histyarirdi-894,6,
histyarirdi-932-0,ejne-1-2pro,histyarirdi-932,0,
histyarirdi-932-1,waimu-language-pert,histyarirdi-932,1,
histyarirdi-932-2,wintikasare-disappear-imn,histyarirdi-932,2,
histyarirdi-932-3,ta-like,histyarirdi-932,3,
histyarirdi-932-4,re-emp,histyarirdi-932,4,
histyarirdi-939-0,ej-1-2,histyarirdi-939,0,
histyarirdi-939-1,wintikatojpano-disappear-fut-concl,histyarirdi-939,1,
histyarirdi-939-2,moneka-girl-voc,histyarirdi-939,2,
histyarirdi-944-0,wire-1pro,histyarirdi-944,0,
histyarirdi-944-1,najpitomo-grandfather-pert-pl,histyarirdi-944,1,
histyarirdi-944-2,jne-pl,histyarirdi-944,2,
histyarirdi-944-3,wurijyantomo-woman-pl,histyarirdi-944,3,
histyarirdi-944-4,jne-pl,histyarirdi-944,4,
histyarirdi-944-5,senka-finish-acnnmlz,histyarirdi-944,5,
histyarirdi-944-6,wara-thus,histyarirdi-944,6,
histyarirdi-944-7,re-emp,histyarirdi-944,7,
histtiggrme-28-0,epese-escape-pst,histtiggrme-28,0,
