ID,Language_ID,Form,Description,Part_Of_Speech,Parameter_ID,Morpho_Segments,Stem_ID,Segments,Comment,Source,Media_ID
ajpachike-undergrowth-prop,yab,ajpachike,,,weeded,ajpachi ke,,,,muller2021yawarana,YarLex_0052_PaPe_apachike-02
jra-neg,yab,jra,,part,NEG,jra,,,,muller2021yawarana,
aka-ouch-cry-of-pain,yab,aka,,,ouch (cry of pain),aka,,,,muller2021yawarana,YarLex_0017_AnFo_aka-02
aniki-who,yab,aniki,,,who?,aniki,,,,muller2021yawarana,YarLex_0044_PaPe_aniki-02
apo-later,yab,apo,,,later; meanwhile,apo,,,,muller2021yawarana,YarLex_0068_AnFo_apo
arajmate-dangerous,yab,arajmatë,,,dangerous,arajmatë,,,,muller2021yawarana,YarLex_0074_AnFo_arajmate-02
arokate-difficult,yab,arokatë,,,difficult,arokatë,,,,muller2021yawarana,YarLex_0092_AnFo_arokate
asakontompene-four,yab,asakontompene,,,four,asakontompene,,,,muller2021yawarana,YarLex_0110_AnFo_asakontompene
asake-two,yab,asakë,,,two,asakë,,,,muller2021yawarana,YarLex_0101_AnFo_asake
jne-pl,yab,jne,,part,PL,jne,,,,muller2021yawarana,
asane-2-mother-pert,yab,asanë,,,your mother,a sanë ∅,,,,muller2021yawarana,YarLex_0114_PaPe_asane
asereke-dry-cough-prop,yab,asereke,,,tuberculous,asere ke,,,,muller2021yawarana,YarLex_0126_AnFo_asereke
ayawori-2-uncle-pert,yab,ayawori,,,your uncle; your father in law,ay awo ri,,,,muller2021yawarana,
chijchipuru-body-movement-pert,yab,chijchipuru,,,move (body),chijchipu ru,,,,muller2021yawarana,
ejne-1-2pro,yab,ejnë,,,1+2PRO,ejnë,,,,muller2021yawarana,YarLex_0291_AnFo_ejne-02
eni-prox-inan,yab,eni,,,PROX.INAN,eni,,,,muller2021yawarana,YarLex_0358_AnFo_eni-02
enijpete-one,yab,enijpëtë,,,one,enijpëtë,,,,muller2021yawarana,YarLex_0360_AnFo_enijpete-02
enirono-now-nmlz,yab,enirono,,,new,eniro no,,,,muller2021yawarana,YarLex_0368_PaPe_enirono-02
ente-here-loc,yab,entë,,,here.LOC,entë,,,,muller2021yawarana,YarLex_0376_PaPe_ente
ewine-here-all,yab,ewinë,,,here.ALL,ewinë,,,,muller2021yawarana,YarLex_0434_PaPe_ewine
ijmokani-cook-agtnmlz,yab,ijmokani,,,cook,ijmoka ni,,,,muller2021yawarana,YarLex_0466_AnFo_ijmokani
ijtari-3-foot-pert,yab,ijtari,,,foot,i jta ri,,,,muller2021yawarana,YarLex_0449_AnFo_ijtari
inawe-have,yab,inawë,,,have,inawë,,,,muller2021yawarana,YarLex_0479_PaPe_inawe
intipijke-small,yab,intipijkë,,,small,intipijkë,,,,muller2021yawarana,YarLex_0486_AnFo_intipijke
irejpe-then,yab,irëjpë,,,then,irëjpë,,,,muller2021yawarana,YarLex_0494_PaPe_irejpe
kaimoke-game-prop,yab,kaimoke,,adv,game-PROP,kaimo ke,,,,muller2021yawarana,
kamparake-big-prop,yab,kamparake,,,large,kampara ke,,,,muller2021yawarana,
karasake-white,yab,karasake,,,white,karasake,,,,muller2021yawarana,YarLex_0618_PaPe_karasake-02
kasori-fat-pert,yab,kasori,,,fat,kaso ri,,,,muller2021yawarana,YarLex_0639_AnFo_kasori
kawe-high,yab,kawë,,,high,kawë,,,,muller2021yawarana,YarLex_0666_AnFo_kawe
kojpaye-at-night,yab,kojpaye,,,at night,kojpaye,,,,muller2021yawarana,YarLex_0767_AnFo_kojpaye
kori-brassolis-sophorae-pert,yab,kori,,,brassolis sophorae,ko ri,,,,muller2021yawarana,YarLex_0787_AnFo_kori-02
kururu-prochilodus-mariae-pert,yab,kururu,,,prochilodus mariae,kuru ru,,,,muller2021yawarana,YarLex_0832_PaPe_kururu
kuyari-tree-sp-pert,yab,kuyari,,,tree.sp,kuya ri,,,,muller2021yawarana,YarLex_0839_PaPe_kuyari-02
kemuru-pus-pert,yab,këmuru,,,pus,këmu ru,,,,muller2021yawarana,YarLex_0704_PaPe_kemuru
kereke-old-prop,yab,kërëke,,,black,kërë ke,,,,muller2021yawarana,YarLex_0719_AnFo_kereke
kerekemi-old-prop-nmlz,yab,kërëkemï,,,black,kërë ke mï,,,,muller2021yawarana,
keya-think-acnnmlz,yab,këya,,n,think-ACNNMLZ,këya ∅,,,,muller2021yawarana,
pe-ess,yab,pe,,postp,ESS,pe,,,,muller2021yawarana,
michi-med-anim,yab,michi,,,MED.ANIM,michi,,,,muller2021yawarana,YarLex_0978_AnFo_michi-02
morone-hurting,yab,morone,,,hurting,morone,,,,muller2021yawarana,YarLex_1021_PaPe_morone
mune-bulbous,yab,mune,,,bulbous,mune,,,,muller2021yawarana,YarLex_1073_AnFo_mune
mejki-dist-anim,yab,mëjkï,,,DIST.ANIM,mëjkï,,,,muller2021yawarana,YarLex_0941_PaPe_mejki-02
mijna-there-all,yab,mïjna,,,there.ALL,mïjna,,,,muller2021yawarana,YarLex_0986_AnFo_mijna
najmo-grandmother,yab,najmo,,,grandmother,najmo,,,,muller2021yawarana,YarLex_1096_AnFo_najmo
nakiri-thirst-pert,yab,nakiri,,,thirst,naki ri,,,,muller2021yawarana,YarLex_1099_PaPe_nakiri-02
nonokemi-earth-prop-nmlz,yab,nonokemï,,,landowner,nono ke mï,,,,muller2021yawarana,YarLex_1121_AnFo_nonokemi
nopano-good-nmlz,yab,nopano,,,good,nop ano,,,,muller2021yawarana,YarLex_1125_PaPe_nopano-02
nope-good,yab,nope,,,good,nope,,,,muller2021yawarana,YarLex_1128_PaPe_nope
ntate-mouth-npert,yab,ntatë,,,mouth,nta të,,,,muller2021yawarana,YarLex_1137_PaPe_ntate
nuru-tongue-pert,yab,nuru,,,tongue,nu ru,,,,muller2021yawarana,YarLex_1140_AnFo_nuru-02
pakuri-arrow-tip-pert,yab,pakuri,,,arrow tip,paku ri,,,,muller2021yawarana,YarLex_1237_AnFo_pakuri
panake-ear-prop,yab,panake,,adv,ear-PROP,pana ke,,,,muller2021yawarana,
pejmani-bewitch-agtnmlz,yab,pejmani,,,shaman,pejma ni,,,,muller2021yawarana,YarLex_1302_AnFo_pejmari-02
pepoye-above-perl,yab,pepoye,,,above.PERL,pepoye,,,,muller2021yawarana,YarLex_2976_PaPe_pepoye 
peri-palm-sp-pert,yab,peri,,,palm.sp,pe ri,,,,muller2021yawarana,YarLex_1347_PaPe_peri
poseti-belly,yab,poseti,,,belly,poseti,,,,muller2021yawarana,YarLex_1495_AnFo_poseti
puturu-feel-ipfv,yab,puturu,,,to feel,putu ru,,,,muller2021yawarana,YarLex_3007_AnFo_puuturu
peke-about,yab,pëkë,,,about,pëkë,,,,muller2021yawarana,YarLex_1311_PaPe_tepeke-02
pekepene-alone,yab,pëkëpene,,,alone,pëkëpene,,,,muller2021yawarana,
romoye-downriver,yab,romoye,,,downriver,romoye,,,,muller2021yawarana,YarLex_1568_AnFo_romoye-02
rui-older-brother,yab,rui,,,older brother,rui,,,,muller2021yawarana,YarLex_1574_AnFo_rui
saparari-heavy-pot-pert,yab,saparari,,,heavy pot,sapara ri,,,,muller2021yawarana,YarLex_1612_AnFo_saparari
sukase-all,yab,sukase,,,all,sukase,,,,muller2021yawarana,YarLex_1757_AnFo_sukase-02
tajme-ugly,yab,tajme,,,ugly,tajme,,,,muller2021yawarana,YarLex_1803_AnFo_tajme
takunuru-laziness-pert,yab,takunuru,,,laziness,takunu ru,,,,muller2021yawarana,YarLex_1837_AnFo_takunuru
tapire-red,yab,tapire,,,red,tapire,,,,muller2021yawarana,YarLex_1864_AnFo_tapiire
tatu-3p-give-ipfv,yab,tatu,,vt,3P-give-IPFV,ta tu ∅,,,,muller2021yawarana,
ne-ints,yab,ne,,part,INTS,ne,,,,muller2021yawarana,
tawaru-nyctidromus-albicollis-pert,yab,tawaru,,,nyctidromus albicollis,tawa ru,,,,muller2021yawarana,YarLex_1920_PaPe_tawaru
tawori-3-uncle-pert,yab,tawori,,,his / her uncle / father in law,t awo ri,,,,muller2021yawarana,
teijpo-far,yab,teijpo,,adv,far,teijpo,,,,muller2021yawarana,
teijpono-far-nmlz,yab,teijpono,,,long; far,teijpo no,,,,muller2021yawarana,YarLex_1948_PaPe_teijpono
tejpore-tasty,yab,tejpore,,,tasty,tejpore,,,,muller2021yawarana,YarLex_1957_AnFo_tejpore
tejporemi-tasty-nmlz,yab,tejporemï,,,tasty,tejpore mï,,,,muller2021yawarana,
tejweti-3-hammock-pert,yab,tejweti,,,hammock,t ejwe ti,,,,muller2021yawarana,
terepunu-3-sick-pert,yab,terepunu,,,sick,t erepunu ∅,,,,muller2021yawarana,YarLex_2020_AnFo_terepunu
tesekemi-prop-name-prop-nmlz,yab,tesekemï,,,named,t ese ke mï,,,,muller2021yawarana,YarLex_2030_PaPe_teseke
toti-3-meat-pert,yab,toti,,,food,t oti ∅,,,,muller2021yawarana,YarLex_2104_AnFo_tooti
tujnaka-iller,yab,tujnaka,,,iller,tujnaka,,,,muller2021yawarana,YarLex_2123_AnFo_tujnaka
teijpo-far-1,yab,tëijpo,,,far; long,tëijpo,,,,muller2021yawarana,YarLex_1945_PaPe_teijpo-02
tewi-3pro,yab,tëwï,,,3PRO,tëwï,,,,muller2021yawarana,YarLex_2046_PaPe_tewi
tewisantomo-3pro-pl,yab,tëwïsantomo,,,3PRO.PL,tëwïsantomo,,,,muller2021yawarana,YarLex_2048_AnFo_tewisantomo
wanene-aunt,yab,wanene,,,aunt,wanene,,,,muller2021yawarana,YarLex_2263_AnFo_wanene-02
waraijtori-husband-pert,yab,waraijtori,,,husband,waraijto ri,,,,muller2021yawarana,YarLex_2280_AnFo_warijtori
wenaru-vomit-pert,yab,wenaru,,,vomit,wena ru,,,,muller2021yawarana,YarLex_2377_AnFo_wenaru
weseyu-be-angry-acnnmlz,yab,weseyu,,n,be_angry-ACNNMLZ,weseyu ∅,,,,muller2021yawarana,
weseyuru-be-angry-ipfv,yab,weseyuru,,,be angry,weseyu ru,,,,muller2021yawarana,
yane-mother,yab,yanë,,,mother,yanë,,,,muller2021yawarana,YarLex_2531_AnFo_yane
yumpe-fairly,yab,yumpe,,,fairly; much,yumpe,,,,muller2021yawarana,YarLex_2821_AnFo_yumpe
yewukuru-answer-ipfv,yab,yëwukuru,,,to answer,yëwuku ru,,,,muller2021yawarana,YarLex_2752_PaPe_yeukuru
ejpina-often,yab,ëjpïna,,,often,ëjpïna,,,,muller2021yawarana,YarLex_0298_AnFo_ejpina-02
ejte-house-npert,yab,ëjtë,,,house,ëj të,,,,muller2021yawarana,YarLex_0308_AnFo_ejte
eke-which,yab,ëkë,,,which,ëkë,,,,muller2021yawarana,YarLex_0271_PaPe_eke-02
empare-already,yab,ëmpare,,,already,ëmpare,,,,muller2021yawarana,YarLex_0356_AnFo_empare-02
enukuru-go-up-ipfv,yab,ënukuru,,,to go up,ënuku ru,,,,muller2021yawarana,YarLex_0380_PaPe_enukuru
toto-non-indian,yab,toto,,,non_Indian,toto,,,,,
re-emp,yab,rë,,,EMP,rë,,,,,
mokontomo-2pl-pro,yab,mokontomo,,,2PL.PRO,mokontomo,,,,,
ya-erg,yab,ya,,,ERG,ya,,,,,
yenijpe-drink-pst,yab,yenijpë,,,drink-PST,yeni jpë,,,,,
ta-say-ipfv,yab,ta,,,say-IPFV,ta ∅,,,,,
ta-like,yab,ta,,,like,ta,,,,,
ta-say-acnnmlz,yab,ta,,,say-ACNNMLZ,ta ∅,,,,,
tototon-non-indian-pl,yab,tototon,,,non_Indian-PL,toto ton,,,,,
yoti-lk-meat-pert,yab,yoti,,,LK-meat-PERT,y oti ∅,,,,,
ti-hsy,yab,ti,,,HSY,ti,,,,,
aaa-ah,yab,aaa,,,ah,aaa,,,,,
warai-like,yab,warai,,,like,warai,,,,,
waraij-like,yab,waraij,,,like,waraij,,,,,
tase-say-pst,yab,tase,,,say-PST,ta se,,,,,
asuka-sugar,yab,asuka,,,sugar,asuka,,,,,
chi-cop-acnnmlz,yab,chi,,,COP-ACNNMLZ,chi ∅,,,,,
yawe-loc,yab,yawë,,,LOC,yawë,,,,,
neke-cntr,yab,neke,,,CNTR,neke,,,,,
awata-surp,yab,awata,,,SURP,awata,,,,,
taki-cnfrm,yab,takï,,,CNFRM,takï,,,,,
pirare-neg-exist,yab,pïrarë,,,NEG.EXIST,pïrarë,,,,,
nwa-thus,yab,nwa,,,thus,nwa,,,,,
ma-rst,yab,ma,,,RST,ma,,,,,
wejsape-cop-pst,yab,wejsapë,,,COP-PST,wej sapë,,,,,
sa-eval,yab,sa,,,EVAL,sa,,,,,
enirepeke-recently,yab,enirëpëke,,,recently,enirëpëke,,,,,
ke-ins,yab,ke,,,INS,ke,,,,,
tawara-too,yab,tawara,,,too,tawara,,,,,
kajwe-coffee,yab,kajwe,,,coffee,kajwe,,,,,
yenija-drink-neg,yab,yenija,,,drink-NEG,yeni ja,,,,,
yenija-drink-neg-1,yab,yënija,,,drink-NEG,yëni ja,,,,,
esene-see-self-ipfv,yab,esene,,,see_self-IPFV,esene ∅,,,,,
seneja-see-self-neg,yab,seneja,,,see_self-NEG,sene ja,,,,,
wa-thus,yab,wa,,,thus,wa,,,,,
arina-trembler,yab,arina,,,trembler,arina,,,,,
aro-rice,yab,aro,,,rice,aro,,,,,
yenesemi-eat-meat-ptcp-nmlz,yab,yënësemï,,,eat(meat)-PTCP-NMLZ,yënë se mï,,,,,
sere-bitter-manioc,yab,sere,,,bitter_manioc,sere,,,,,
sukutaka-yucuta,yab,sukutaka,,,yucuta,sukutaka,,,,,
taji-foc,yab,taji,,,FOC,taji,,,,,
yajtepe-before,yab,yajtëpe,,,before,yajtëpe,,,,,
tainija-3p-see-neg,yab,tainija,,,3P-see-NEG,ta ini ja,,,,,
kwa-how,yab,kwa,,,how,kwa,,,,,
chipeke-because,yab,chipëkë,,,because,chipëkë,,,,,
tajtoj-say-circ-nmlz,yab,tajtoj,,,say-CIRC.NMLZ,taj toj,,,,,
inijpe-see-pst,yab,inijpë,,,see-PST,ini jpë,,,,,
inijpe-see-pst-acnnmlz,yab,inijpë,,,see-PST.ACNNMLZ,ini jpë,,,,,
kampra-big,yab,kampra,,,big,kampra,,,,,
chawe-loc,yab,chawë,,,LOC,chawë,,,,,
chiyawe-when,yab,chiyawë,,,when,chiyawë,,,,,
yeneja-eat-meat-neg,yab,yënëja,,,eat(meat)-NEG,yënë ja,,,,,
sereke-bitter-manioc-prop,yab,sereke,,,bitter_manioc-PROP,sere ke,,,,,
yuru-lk-starchy-food-pert,yab,yuru,,,LK-starchy_food-PERT,y u ru,,,,,
onono-another,yab,onono,,,another,onono,,,,,
pano-fmr,yab,pano,,,FMR,pano,,,,,
yenipeke-drink-prog-tr,yab,yenipëkë,,,drink-PROG.TR,yeni pëkë,,,,,
kimii-chili,yab,kïmïi,,,chili,kïmïi,,,,,
chike-cop-acnnmlz-prop,yab,chike,,,COP-ACNNMLZ-PROP,chi ∅ ke,,,,,
yemepeti-eat-fruits-eggs-soup-plur-ipfv,yab,yemepëti,,,eat(fruits_eggs_soup)-PLUR-IPFV,yeme pëti ∅,,,,,
yeni-drink-ipfv,yab,yeni,,,drink-IPFV,yeni ∅,,,,,
teke-go-acnnmlz-prop,yab,tëke,,,go-ACNNMLZ-PROP,të ∅ ke,,,,,
papa-father,yab,papa,,,father,papa,,,,,
yojtejpe-fish-with-hook-pst,yab,yojtëjpë,,,fish_with_hook-PST,yojtë jpë,,,,,
enireno-now-nmlz,yab,enirëno,,,now-NMLZ,enirë no,,,,,
take-say-imp,yab,takë,,,say-IMP,ta kë,,,,,
yene-eat-meat-ipfv,yab,yënë,,,eat(meat)-IPFV,yënë ∅,,,,,
ijtese-3-go-pst,yab,ijtëse,,,3-go-PST,ij të se,,,,,
ati-what,yab,ati,,,what,ati,,,,,
impare-already,yab,ïmparë,,,already,ïmparë,,,,,
kwase-how,yab,kwase,,,how,kwase,,,,,
senkaja-finish-neg,yab,sënkaja,,,finish-NEG,sënka ja,,,,,
keyatajpe-grow-pst-acnnmlz,yab,këyatajpë,,,grow-PST.ACNNMLZ,këyata jpë,,,,,
yaweno-loc-nmlz,yab,yawëno,,,LOC-NMLZ,yawë no,,,,,
wire-1pro,yab,wïrë,,,1PRO,wïrë,,,,,
tototomo-non-indian-pl,yab,tototomo,,,non_Indian-PL,toto tomo,,,,,
naike-do-acnnmlz-prop,yab,naike,,,do-ACNNMLZ-PROP,nai ∅ ke,,,,,
yamane-make-ipfv,yab,yamanë,,,make-IPFV,yamanë ∅,,,,,
nepijpe-bring-pst,yab,nepïjpë,,,bring-PST,nepï jpë,,,,,
melicio-m,yab,melicio,,,M.,melicio,,,,,
erine-cooking-pot,yab,ërinë,,,cooking_pot,ërinë,,,,,
nono-earth,yab,nono,,,earth,nono,,,,,
yerine-lk-cooking-pot-pert,yab,yërinë,,,LK-cooking_pot-PERT,y ërinë ∅,,,,,
ijmojkatopo-cook-circ-nmlz,yab,ijmojkatopo,,,cook-CIRC.NMLZ,ijmojka topo,,,,,
pare-also,yab,parë,,,also,parë,,,,,
pataka-take-out-ipfv,yab,pataka,,,take_out-IPFV,pataka ∅,,,,,
aponte-seat,yab,apontë,,,seat,apontë,,,,,
n-ints,yab,n,,,INTS,n,,,,,
yeye-tree,yab,yëye,,,tree,yëye,,,,,
kani-take-out-agtnmlz,yab,kani,,,take_out-AGTNMLZ,ka ni,,,,,
yaponteri-lk-seat-pert,yab,yapontëri,,,LK-seat-PERT,y apontë ri,,,,,
en-prox-inan,yab,en,,,PROX.INAN,en,,,,,
mere-med-inan,yab,mërë,,,MED.INAN,mërë,,,,,
ejka-right,yab,ëjka,,,right,ëjka,,,,,
poye-above,yab,poye,,,above,poye,,,,,
turi-give-acnnmlz,yab,turi,,,give-ACNNMLZ,tu ri,,,,,
po-loc,yab,po,,,LOC,po,,,,,
poroko-basket-sp,yab,poroko,,,basket.sp,poroko,,,,,
wepija-come-neg,yab,wepïja,,,come-NEG,wepï ja,,,,,
mukuton-child-pl,yab,mukuton,,,child-PL,muku ton,,,,,
empamija-learn-neg,yab,ëmpamïja,,,learn-NEG,ëmpamï ja,,,,,
yiwiti-lk-house-pert,yab,yïwïtï,,,LK-house-PERT,y ïwïtï ∅,,,,,
mukutom-child-pl,yab,mukutom,,,child-PL,muku tom,,,,,
u-1,yab,u,,,1,u,,,,,
ya-ratom-grandchild-pl,yab,ya'ratom,,,grandchild-PL,ya'ra tom,,,,,
ya-ra-grandchild,yab,ya'ra,,,grandchild,ya'ra,,,,,
empampejteke-learn-plur-pl-imp,yab,ëmpampëjtëkë,,,learn-PLUR-PL-IMP,ëmpam pëj të kë,,,,,
moronkapo-make-suffer-des-ipfv,yab,moronkapo,,,make_suffer-DES-IPFV,moronka po ∅,,,,,
ire-3ana-inan,yab,irë,,,3ANA.INAN,irë,,,,,
taropo-say-des-ipfv,yab,taropo,,,say-DES-IPFV,taro po ∅,,,,,
ya-ratomo-grandchild-pl,yab,ya'ratomo,,,grandchild-PL,ya'ra tomo,,,,,
waraijtokomo-man,yab,waraijtokomo,,,man,waraijtokomo,,,,,
keyaja-think-neg,yab,këyaja,,,think-NEG,këya ja,,,,,
empamtoj-learn-circ-nmlz,yab,ëmpamtoj,,,learn-CIRC.NMLZ,ëmpam toj,,,,,
tawaraij-too,yab,tawaraij,,,too,tawaraij,,,,,
pini-neg,yab,pïni,,,NEG,pïni,,,,,
minte-there-loc,yab,mïntë,,,there.LOC,mïntë,,,,,
yenepeja-send-away-neg,yab,yenepeja,,,send_away-NEG,yenepe ja,,,,,
wejtane-cop-cncs,yab,wejtane,,,COP-CNCS,wej tane,,,,,
kontomo-pl,yab,kontomo,,,PL,kontomo,,,,,
chiripo-cop-irr,yab,chiripo,,,COP-IRR,chi ripo,,,,,
tajpetiri-say-plur-ipfv,yab,tajpëtiri,,,say-PLUR-IPFV,taj pëti ri,,,,,
empansaj-learn-pfv,yab,ëmpansaj,,,learn-PFV,ëmpan saj,,,,,
mukutomo-child-pl,yab,mukutomo,,,child-PL,muku tomo,,,,,
senejkaja-stay-neg,yab,senejkaja,,,stay-NEG,senejka ja,,,,,
moronkaja-make-suffer-neg,yab,moronkaja,,,make_suffer-NEG,moronka ja,,,,,
pojte-want-acnnmlz,yab,pojtë,,,want-ACNNMLZ,pojtë ∅,,,,,
yawakaja-sow-neg,yab,yawakaja,,,sow-NEG,yawaka ja,,,,,
wejsaj-cop-pst,yab,wejsaj,,,COP-PST,wej saj,,,,,
maniki-rel-anim,yab,maniki,,,REL.ANIM,maniki,,,,,
indigena-indigenous-person,yab,indigena,,,indigenous_person,indigena,,,,,
wejpo-come-des-ipfv,yab,wejpo,,,come-DES-IPFV,wej po ∅,,,,,
yareja-bring-neg,yab,yarëja,,,bring-NEG,yarë ja,,,,,
empamipeke-learn-prog-tr,yab,ëmpamïpëkë,,,learn-PROG.TR,ëmpamï pëkë,,,,,
empamiri-learn-ipfv,yab,ëmpamïrï,,,learn-IPFV,ëmpamï rï,,,,,
taro-say-ipfv,yab,taro,,,say-IPFV,taro ∅,,,,,
penare-before,yab,penarë,,,before,penarë,,,,,
yepematopo-pay-circ-nmlz,yab,yepematopo,,,pay-CIRC.NMLZ,yepema topo,,,,,
mukuru-child-pert,yab,mukuru,,,child-PERT,muku ru,,,,,
ijteri-3-go-ipfv,yab,ijtëri,,,3-go-IPFV,ij të ri,,,,,
ijtetojpe-3-go-fut,yab,ijtëtojpe,,,3-go-FUT,ij të tojpe,,,,,
ana-1-3pro,yab,ana,,,1+3PRO,ana,,,,,
warotatopo-work-circ-nmlz,yab,warotatopo,,,work-CIRC.NMLZ,warota topo,,,,,
mmm-yes,yab,mmm,,,yes,mmm,,,,,
tapojteja-3p-want-neg,yab,tapojtëja,,,3P-want-NEG,ta pojtë ja,,,,,
mere-2pro,yab,mërë,,,2PRO,mërë,,,,,
iniri-see-ipfv,yab,iniri,,,see-IPFV,ini ri,,,,,
me-2,yab,më,,,2,më,,,,,
yarika-laugh-ipfv,yab,yarika,,,laugh-IPFV,yarika ∅,,,,,
yaruwari-laugh-ipfv,yab,yaruwari,,,laugh-IPFV,yaruwa ri,,,,,
yaruwaja-laugh-neg,yab,yaruwaja,,,laugh-NEG,yaruwa ja,,,,,
enka-right,yab,ënka,,,right,ënka,,,,,
tajne-3-pl,yab,tajne,,,3-PL,ta jne,,,,,
yakarama-tell-acnnmlz,yab,yakarama,,,tell-ACNNMLZ,yakarama ∅,,,,,
mare-rel-inan,yab,mare,,,REL.INAN,mare,,,,,
yaruwakem-laugh-acnnmlz-prop-nmlz,yab,yaruwakem,,,laugh-ACNNMLZ-PROP-NMLZ,yaruwa ∅ ke m,,,,,
pinire-neg,yab,pïnirë,,,NEG,pïnirë,,,,,
mekisantomo-dist-anim-pl,yab,mëkïsantomo,,,DIST.ANIM.PL,mëkïsantomo,,,,,
tajtane-say-cncs,yab,tajtane,,,say-CNCS,taj tane,,,,,
ki-ugh,yab,kï,,,ugh,kï,,,,,
serekapo-become-tired-des-ipfv,yab,serekapo,,,become_tired-DES-IPFV,sereka po ∅,,,,,
ka-q,yab,ka,,,Q,ka,,,,,
pokono-about-nmlz,yab,pokono,,,about-NMLZ,poko no,,,,,
iri-put-ipfv,yab,iri,,,put-IPFV,i ri,,,,,
tunam-hide-acnnmlz,yab,tunam,,,hide-ACNNMLZ,tunam ∅,,,,,
yarikari-laugh-ipfv,yab,yarikari,,,laugh-IPFV,yarika ri,,,,,
tawaja-thus-neg,yab,tawaja,,,thus.NEG,tawaja,,,,,
yarikaja-laugh-neg,yab,yarikaja,,,laugh-NEG,yarika ja,,,,,
yarikatopo-laugh-circ-nmlz,yab,yarikatopo,,,laugh-CIRC.NMLZ,yarika topo,,,,,
taitapo-3p-hear-des-ipfv,yab,taitapo,,,3P-hear-DES-IPFV,ta ita po ∅,,,,,
chiri-cop-acnnmlz,yab,chiri,,,COP-ACNNMLZ,chi ri,,,,,
senejkari-stay-ipfv,yab,senejkarï,,,stay-IPFV,senejka rï,,,,,
yiwij-lk-house-pert,yab,yïwïj,,,LK-house-PERT,y ïwïj ∅,,,,,
yaka-all,yab,yaka,,,ALL,yaka,,,,,
sukuri-silently,yab,sukuri,,,silently,sukuri,,,,,
itari-hear-ipfv,yab,itari,,,hear-IPFV,ita ri,,,,,
wajyakiti-be-happy-ipfv,yab,wajyakïtï,,,be_happy-IPFV,wajyakïtï ∅,,,,,
kajke-say-imp,yab,kajkë,,,say-IMP,kaj kë,,,,,
senejkari-stay-ipfv-1,yab,senejkari,,,stay-IPFV,senejka ri,,,,,
chipokono-because,yab,chipokono,,,because,chipokono,,,,,
pana-dat,yab,pana,,,DAT,pana,,,,,
yaruwatopo-laugh-circ-nmlz,yab,yaruwatopo,,,laugh-CIRC.NMLZ,yaruwa topo,,,,,
inke-see-imp,yab,inkë,,,see-IMP,in kë,,,,,
yaruwatepeke-laugh-prog-intr,yab,yaruwatëpëkë,,,laugh-PROG.INTR,yaruwa tëpëkë,,,,,
chi-cop-ipfv,yab,chi,,,COP-IPFV,chi ∅,,,,,
ini-see-acnnmlz,yab,ini,,,see-ACNNMLZ,ini ∅,,,,,
waimu-speak-ipfv,yab,waimu,,,speak-IPFV,waimu ∅,,,,,
ijpe-put-pst,yab,ijpë,,,put-PST,i jpë,,,,,
yekerema-boast-sexually-ipfv,yab,yekerema,,,boast_sexually-IPFV,yekerema ∅,,,,,
pinika-prob,yab,pïnika,,,PROB,pïnika,,,,,
chipokon-because,yab,chipokon,,,because,chipokon,,,,,
yaruwa-laugh-ipfv,yab,yaruwa,,,laugh-IPFV,yaruwa ∅,,,,,
mare-still,yab,mare,,,still,mare,,,,,
yatum-day,yab,yatum,,,day,yatum,,,,,
inija-see-neg,yab,inija,,,see-NEG,ini ja,,,,,
ke-ugh,yab,kë,,,ugh,kë,,,,,
yare-alone,yab,yarë,,,alone,yarë,,,,,
peremekiri-talk-ipfv,yab,përemekïrï,,,talk-IPFV,përemekï rï,,,,,
narepe-part,yab,narëpe,,,PART,narëpe,,,,,
chiyakon-friend-pert,yab,chiyakon,,,friend-PERT,chiyakon ∅,,,,,
yarikasemi-laugh-ptcp-nmlz,yab,yarikasemï,,,laugh-PTCP-NMLZ,yarika se mï,,,,,
yakaramapetiri-tell-plur-ipfv,yab,yakaramapëtiri,,,tell-PLUR-IPFV,yakarama pëti ri,,,,,
yeneni-eat-meat-agtnmlz,yab,yënëni,,,eat(meat)-AGTNMLZ,yënë ni,,,,,
takono-other,yab,takono,,,other,takono,,,,,
muku-child,yab,muku,,,child,muku,,,,,
wurijyam-woman,yab,wurijyam,,,woman,wurijyam,,,,,
waraijto-husband,yab,waraijto,,,husband,waraijto,,,,,
yutu-forest,yab,yutu,,,forest,yutu,,,,,
ekejna-where-nmlz,yab,ëkëjna,,,where-NMLZ,ëkëj na,,,,,
surukupi-fish-sp,yab,surukupi,,,fish.sp,surukupi,,,,,
tuna-water,yab,tuna,,,water,tuna,,,,,
tetojpe-go-fut,yab,tëtojpe,,,go-FUT,të tojpe,,,,,
mai-lets-go,yab,mai,,,let’s_go,mai,,,,,
se-eval,yab,se,,,EVAL,se,,,,,
makuyupi-catfish-sp,yab,makuyupi,,,catfish.sp,makuyupi,,,,,
yapejpejta-grab-plur-motimp,yab,yapëjpëjta,,,grab-PLUR-MOTIMP,yapëj pëj ta,,,,,
tejta-hollow,yab,tëjta,,,hollow,tëjta,,,,,
tatuse-3p-give-pst,yab,tatuse,,,3P-give-PST,ta tu se,,,,,
imukuru-3-child-pert,yab,imukuru,,,3-child-PERT,i muku ru,,,,,
mukupijke-child-dim,yab,mukupïjkë,,,child-DIM,muku pïjkë,,,,,
mukujpe-child-pst,yab,mukujpë,,,child-PST,muku jpë,,,,,
pijke-dim,yab,pïjkë,,,DIM,pïjkë,,,,,
tanemese-3p-leave-pst,yab,tanëmëse,,,3P-leave-PST,ta nëmë se,,,,,
yapejke-grab-imp,yab,yapëjkë,,,grab-IMP,yapëj kë,,,,,
tatase-3p-say-pst,yab,tatase,,,3P-say-PST,ta ta se,,,,,
nejke-bring-imp,yab,nejkë,,,bring-IMP,nej kë,,,,,
chijpe-cop-pst,yab,chijpë,,,COP-PST,chi jpë,,,,,
ijtepejta-3-go-plur-motimp,yab,ijtëpëjta,,,3-go-PLUR-MOTIMP,ij të pëj ta,,,,,
tayene-3p-eat-meat-ipfv,yab,tayënë,,,3P-eat(meat)-IPFV,ta yënë ∅,,,,,
panari-ear-pert,yab,panari,,,ear-PERT,pana ri,,,,,
samopeke-cry-prog-tr,yab,samopëkë,,,cry-PROG.TR,samo pëkë,,,,,
tayenepejse-3p-eat-meat-plur-pst,yab,tayënëpëjse,,,3P-eat(meat)-PLUR-PST,ta yënë pëj se,,,,,
panarijpe-ear-pert-pst,yab,panarijpë,,,ear-PERT-PST,pana ri jpë,,,,,
tena-loc-nmlz,yab,tëna,,,LOC-NMLZ,të na,,,,,
mesuku-blood,yab,mesuku,,,blood,mesuku,,,,,
yenetojpano-eat-meat-fut-concl,yab,yënëtojpano,,,eat(meat)-FUT.CONCL,yënë tojpano,,,,,
wepiri-come-ipfv,yab,wepïrï,,,come-IPFV,wepï rï,,,,,
tampapeti-become-angry-plur-ipfv,yab,tampapëti,,,become_angry-PLUR-IPFV,tampa pëti ∅,,,,,
anajmo-2-grandmother-pert,yab,anajmo,,,2-grandmother-PERT,a najmo ∅,,,,,
yenepejsape-eat-meat-plur-pfv,yab,yënëpëjsapë,,,eat(meat)-PLUR-PFV,yënë pëj sapë,,,,,
tayenese-3p-eat-meat-pst,yab,tayënëse,,,3P-eat(meat)-PST,ta yënë se,,,,,
anajmori-2-grandmother-pert,yab,anajmori,,,2-grandmother-PERT,a najmo ri,,,,,
yakarama-tell-ipfv,yab,yakarama,,,tell-IPFV,yakarama ∅,,,,,
tajromini-bad-omen,yab,tajromini,,,bad_omen,tajromini,,,,,
itaja-hear-neg,yab,itaja,,,hear-NEG,ita ja,,,,,
kuruj-k,yab,kuruj,,,K.,kuruj,,,,,
ej-house,yab,ëj,,,house,ëj,,,,,
mjm-yes,yab,mjm,,,yes,mjm,,,,,
orojyamo-evil-being,yab,orojyamo,,,evil_being,orojyamo,,,,,
tajromin-bad-omen,yab,tajromin,,,bad_omen,tajromin,,,,,
pinchi-hes,yab,pinchi,,,HES,pinchi,,,,,
aniki-who-1,yab,anïkï,,,who,anïkï,,,,,
yaye-loc,yab,yaye,,,LOC,yaye,,,,,
ijiji-ijiji,yab,ïjïjï,,,ïjïjï,ïjïjï,,,,,
samopeti-cry-plur-ipfv,yab,samopëti,,,cry-PLUR-IPFV,samo pëti ∅,,,,,
iriyawe-then,yab,iriyawë,,,then,iriyawë,,,,,
miro-m,yab,mïro,,,M.,mïro,,,,,
tajrominkemi-bad-omen-prop-nmlz,yab,tajrominkemï,,,bad_omen-PROP-NMLZ,tajromin ke mï,,,,,
tajrominiri-bad-omen-pert,yab,tajrominiri,,,bad_omen-PERT,tajromini ri,,,,,
semapejse-die-plur-pst,yab,sëmapëjse,,,die-PLUR-PST,sëma pëj se,,,,,
keresantomo-prox-anim-pl,yab,kërësantomo,,,PROX.ANIM.PL,kërësantomo,,,,,
yawo-loc,yab,yawo,,,LOC,yawo,,,,,
kayupare-k,yab,kayupare,,,K.,kayupare,,,,,
sema-die-acnnmlz,yab,sëma,,,die-ACNNMLZ,sëma ∅,,,,,
eee-hey,yab,eee,,,hey,eee,,,,,
enrike-e,yab,enrike,,,E.,enrike,,,,,
yakerej-lk-relative-pert,yab,yakerej,,,LK-relative-PERT,y akere j,,,,,
tayakaramari-3p-tell-ipfv,yab,tayakaramari,,,3P-tell-IPFV,ta yakarama ri,,,,,
tajrominke-bad-omen-prop,yab,tajrominke,,,bad_omen-PROP,tajromin ke,,,,,
esemane-die-inf,yab,ësëmanë,,,die-INF,ësëma në,,,,,
wenkejpejse-forget-plur-pst,yab,wënkejpëjse,,,forget-PLUR-PST,wënkej pëj se,,,,,
yatam-adolescent,yab,yatam,,,adolescent,yatam,,,,,
pipi-younger-brother-of-woman,yab,pipi,,,younger_brother_of_woman,pipi,,,,,
make-mom,yab,makë,,,mom,makë,,,,,
sepamii-get-married-hort,yab,sepamïi,,,get_married-HORT,sepamï i,,,,,
tayeremari-3p-feed-ipfv,yab,tayeremari,,,3P-feed-IPFV,ta yerema ri,,,,,
sepanke-get-married-imp,yab,sepankë,,,get_married-IMP,sepan kë,,,,,
waraijtokon-man,yab,waraijtokon,,,man,waraijtokon,,,,,
kunawo-brother-in-law,yab,kuñawo,,,brother_in_law,kuñawo,,,,,
kintase-become-tired-pst,yab,kintase,,,become_tired-PST,kinta se,,,,,
yakereti-lk-relative-pert,yab,yakereti,,,LK-relative-PERT,y akere ti,,,,,
pedrito-p,yab,pedrito,,,P.,pedrito,,,,,
pan-fmr,yab,pan,,,FMR,pan,,,,,
tapeke-say-prog-tr,yab,tapëkë,,,say-PROG.TR,ta pëkë,,,,,
weseichemi-be-angry-ptcp-nmlz,yab,weseichemï,,,be_angry-PTCP-NMLZ,wesei che mï,,,,,
pojteja-want-neg,yab,pojtëja,,,want-NEG,pojtë ja,,,,,
taja-say-neg,yab,taja,,,say-NEG,ta ja,,,,,
winikiri-sleep-ipfv,yab,wïnïkïrï,,,sleep-IPFV,wïnïkï rï,,,,,
winikija-sleep-neg,yab,wïnïkïja,,,sleep-NEG,wïnïkï ja,,,,,
sepamija-get-married-neg,yab,sepamïja,,,get_married-NEG,sepamï ja,,,,,
waraijtokom-man,yab,waraijtokom,,,man,waraijtokom,,,,,
yerematojpano-feed-fut-concl,yab,yerematojpano,,,feed-FUT.CONCL,yerema tojpano,,,,,
yawankaja-kill-neg,yab,yawankaja,,,kill-NEG,yawanka ja,,,,,
sarampion-measles,yab,sarampion,,,measles,sarampion,,,,,
pachi-older-sister-of-woman,yab,pachi,,,older_sister_of_woman,pachi,,,,,
tepeke-go-prog-tr,yab,tëpëkë,,,go-PROG.TR,të pëkë,,,,,
atapejse-seize-on-sup,yab,atapëjse,,,seize_on-SUP,atapëj se,,,,,
tapejsaj-say-plur-pfv,yab,tapëjsaj,,,say-PLUR-PFV,ta pëj saj,,,,,
pirikari-endure-ipfv,yab,pïrïkari,,,endure-IPFV,pïrïka ri,,,,,
pirikaja-endure-neg,yab,pïrïkaja,,,endure-NEG,pïrïka ja,,,,,
konopo-rain,yab,konopo,,,rain,konopo,,,,,
ijtejpe-3-go-pst,yab,ijtëjpë,,,3-go-PST,ij të jpë,,,,,
apatakaja-come-out-neg,yab,apatakaja,,,come_out-NEG,apataka ja,,,,,
tayawankase-3p-kill-pst,yab,tayawankase,,,3P-kill-PST,ta yawanka se,,,,,
mokonton-2pl-pro,yab,mokonton,,,2PL.PRO,mokonton,,,,,
neme-leave-ipfv,yab,nëmë,,,leave-IPFV,nëmë ∅,,,,,
mokontom-2pl-pro,yab,mokontom,,,2PL.PRO,mokontom,,,,,
chijrama-cop-proh,yab,chijrama,,,COP-PROH,chi jrama,,,,,
me-pol,yab,me,,,POL,me,,,,,
kano-c,yab,kaño,,,C.,kaño,,,,,
ini-see-ipfv,yab,ini,,,see-IPFV,ini ∅,,,,,
nonori-earth-pert,yab,nonori,,,earth-PERT,nono ri,,,,,
waimuru-speak-ipfv,yab,waimuru,,,speak-IPFV,waimu ru,,,,,
mayawaka-m,yab,mayawaka,,,M.,mayawaka,,,,,
yape-lk-arm-wing-pert,yab,yapë,,,LK-arm_wing-PERT,y apë ∅,,,,,
tejwej-3-hammock-pert,yab,tejwej,,,3-hammock-PERT,t ejwe j,,,,,
yaperi-lk-arm-wing-pert,yab,yapëri,,,LK-arm_wing-PERT,y apë ri,,,,,
moronta-hurt-ipfv,yab,moronta,,,hurt-IPFV,moronta ∅,,,,,
waijte-head,yab,waijtë,,,head,waijtë,,,,,
weretasaj-arrive-pfv,yab,weretasaj,,,arrive-PFV,wereta saj,,,,,
tawejka-dawn-acnnmlz,yab,tawejka,,,dawn-ACNNMLZ,tawejka ∅,,,,,
ita-hear-ipfv,yab,ita,,,hear-IPFV,ita ∅,,,,,
yakasem-dig-out-ptcp-nmlz,yab,yakasem,,,dig_out-PTCP-NMLZ,yaka se m,,,,,
ijtesape-3-go-pfv,yab,ijtësapë,,,3-go-PFV,ij të sapë,,,,,
julieta-j,yab,julieta,,,J.,julieta,,,,,
imuku-3-child-pert,yab,imuku,,,3-child-PERT,i muku ∅,,,,,
enteno-here-loc-nmlz,yab,entëno,,,here.LOC-NMLZ,entë no,,,,,
sepantepeke-get-married-prog-intr,yab,sepantëpëkë,,,get_married-PROG.INTR,sepan tëpëkë,,,,,
mati-breast,yab,mati,,,breast,mati,,,,,
yeni-drink-ipfv-1,yab,yëni,,,drink-IPFV,yëni ∅,,,,,
yenpo-drink-des-ipfv,yab,yënpo,,,drink-DES-IPFV,yën po ∅,,,,,
asamo-cry-ipfv,yab,asamo,,,cry-IPFV,asamo ∅,,,,,
tayarese-3p-bring-pst,yab,tayarëse,,,3P-bring-PST,ta yarë se,,,,,
tewijpe-3pro-pst,yab,tëwïjpë,,,3PRO-PST,tëwï jpë,,,,,
imukurujpe-3-child-pert-pst,yab,imukurujpë,,,3-child-PERT-PST,i muku ru jpë,,,,,
chija-cop-neg,yab,chija,,,COP-NEG,chi ja,,,,,
tapatakase-3p-take-out-pst,yab,tapatakase,,,3P-take_out-PST,ta pataka se,,,,,
tayapejse-3p-grab-pst,yab,tayapëjse,,,3P-grab-PST,ta yapëj se,,,,,
tayempekase-3p-offend-pst,yab,tayëmpëkase,,,3P-offend-PST,ta yëmpëka se,,,,,
tayakaramase-3p-tell-pst,yab,tayakaramase,,,3P-tell-PST,ta yakarama se,,,,,
yempekapeti-offend-plur-ipfv,yab,yëmpëkapëti,,,offend-PLUR-IPFV,yëmpëka pëti ∅,,,,,
keyetajpe-grow-pst,yab,këyetajpë,,,grow-PST,këyeta jpë,,,,,
yimi-lk-father,yab,yïmï,,,LK-father,y ïmï,,,,,
semajpe-die-pst-acnnmlz,yab,sëmajpë,,,die-PST.ACNNMLZ,sëma jpë,,,,,
keyetase-grow-pst,yab,këyetase,,,grow-PST,këyeta se,,,,,
yojte-fish-with-hook-ipfv,yab,yojtë,,,fish_with_hook-IPFV,yojtë ∅,,,,,
aroma-limpet,yab,aroma,,,limpet,aroma,,,,,
yakuri-agouti,yab,yakuri,,,agouti,yakuri,,,,,
ya-obl,yab,ya,,,OBL,ya,,,,,
makampra-aunt,yab,makampra,,,aunt,makampra,,,,,
maijte-go-imp,yab,maijtë,,,go.IMP,maijtë,,,,,
kaimotata-hunt-motimp,yab,kaimotata,,,hunt-MOTIMP,kaimota ta,,,,,
yomiri-be-hungry-ipfv,yab,yomiri,,,be_hungry-IPFV,yomi ri,,,,,
asamori-cry-ipfv,yab,asamori,,,cry-IPFV,asamo ri,,,,,
kere-prox-anim,yab,kërë,,,PROX.ANIM,kërë,,,,,
yemi-be-hungry-acnnmlz,yab,yëmi,,,be_hungry-ACNNMLZ,yëmi ∅,,,,,
tejetum-sick,yab,tejetum,,,sick,tejetum,,,,,
ipakuri-3-arrow-tip-pert,yab,ipakuri,,,3-arrow_tip-PERT,i paku ri,,,,,
sakara-hoplias-malabaricus,yab,sakara,,,hoplias_malabaricus,sakara,,,,,
nepi-bring-ipfv,yab,nepï,,,bring-IPFV,nepï ∅,,,,,
yakono-lk-younger-sister-of-woman-pert,yab,yakono,,,LK-younger_sister_of_woman-PERT,y akono ∅,,,,,
ijmojkake-cook-imp,yab,ijmojkakë,,,cook-IMP,ijmojka kë,,,,,
i-put-ipfv,yab,i,,,put-IPFV,i ∅,,,,,
ijmojka-cook-ipfv,yab,ijmojka,,,cook-IPFV,ijmojka ∅,,,,,
serematojpe-eat-purp,yab,serematojpe,,,eat-PURP,serema tojpe,,,,,
patajpe-axe-pst,yab,patajpë,,,axe-PST,pata jpë,,,,,
te-loc,yab,të,,,LOC,të,,,,,
semasaj-die-abs-nmlz,yab,sëmasaj,,,die-ABS.NMLZ,sëma saj,,,,,
weroro-dog,yab,weroro,,,dog,weroro,,,,,
yare-bring-ipfv,yab,yarë,,,bring-IPFV,yarë ∅,,,,,
kejmatojpe-hunt-purp,yab,këjmatojpe,,,hunt-PURP,këjma tojpe,,,,,
taturu-3p-give-ipfv,yab,taturu,,,3P-give-IPFV,ta tu ru,,,,,
ijmokatojpe-cook-purp,yab,ijmokatojpe,,,cook-PURP,ijmoka tojpe,,,,,
tujpe-give-pst,yab,tujpë,,,give-PST,tu jpë,,,,,
keyatajpe-grow-pst,yab,këyatajpë,,,grow-PST,këyata jpë,,,,,
yeme-eat-fruits-eggs-soup-ipfv,yab,yeme,,,eat(fruits_eggs_soup)-IPFV,yeme ∅,,,,,
yokiri-eat-starch-ipfv,yab,yokïrï,,,eat(starch)-IPFV,yokï rï,,,,,
yemetikene-eat-fruits-eggs-soup-post,yab,yemetïkene,,,eat(fruits_eggs_soup)-POST,yeme tïkene,,,,,
sepanse-get-married-pst,yab,sepanse,,,get_married-PST,sepan se,,,,,
rafa-r,yab,rafa,,,R.,rafa,,,,,
perez-p,yab,perez,,,P.,perez,,,,,
keyatase-grow-pst,yab,këyatase,,,grow-PST,këyata se,,,,,
tese-go-pst,yab,tëse,,,go-PST,të se,,,,,
padrastro-stepfather-pert,yab,padrastro,,,stepfather-PERT,padrastro ∅,,,,,
keyamase-raise-pst,yab,këyamase,,,raise-PST,këyama se,,,,,
wera-like,yab,wëra,,,like,wëra,,,,,
tapaja-beat-neg,yab,tapaja,,,beat-NEG,tapa ja,,,,,
tajtojpe-say-purp,yab,tajtojpe,,,say-PURP,taj tojpe,,,,,
teijpe-far,yab,tëijpë,,,far,tëijpë,,,,,
senejka-stay-ipfv,yab,senejka,,,stay-IPFV,senejka ∅,,,,,
iyajteri-care-for-ipfv,yab,iyajtëri,,,care_for-IPFV,iyajtë ri,,,,,
kukurito-k,yab,kukurito,,,K.,kukurito,,,,,
makeri-mom-pert,yab,makëri,,,mom-PERT,makë ri,,,,,
inche-see-sup,yab,inche,,,see-SUP,in che,,,,,
tiwij-3-house-pert,yab,tïwïj,,,3-house-PERT,t ïwïj ∅,,,,,
yarese-bring-pst,yab,yarëse,,,bring-PST,yarë se,,,,,
itake-hear-imp,yab,itakë,,,hear-IMP,ita kë,,,,,
wurijyamo-woman,yab,wurijyamo,,,woman,wurijyamo,,,,,
iyajtetojpano-care-for-fut-concl,yab,iyajtëtojpano,,,care_for-FUT.CONCL,iyajtë tojpano,,,,,
imu-3-father,yab,imu,,,3-father,i mu,,,,,
yanke-pick-up-imp,yab,yankë,,,pick_up-IMP,yan kë,,,,,
ejwate-hammock-npert,yab,ëjwatë,,,hammock-NPERT,ëjwa të,,,,,
ijmojkani-cook-agtnmlz,yab,ijmojkani,,,cook-AGTNMLZ,ijmojka ni,,,,,
makepijke-second-mother,yab,makëpïjkë,,,second_mother,makëpïjkë,,,,,
patakajpe-take-out-pst,yab,patakajpë,,,take_out-PST,pataka jpë,,,,,
tanairi-3p-do-ipfv,yab,tanairi,,,3P-do-IPFV,ta nai ri,,,,,
yansemi-pick-up-ptcp-nmlz,yab,yansemï,,,pick_up-PTCP-NMLZ,yan se mï,,,,,
tusem-give-ptcp-nmlz,yab,tusem,,,give-PTCP-NMLZ,tu se m,,,,,
majawa-m,yab,majawa,,,M.,majawa,,,,,
jwaka-ill-aq,yab,jwaka,,,ILL.AQ,jwaka,,,,,
wasai-attalea-maripa,yab,wasai,,,attalea_maripa,wasai,,,,,
yawakipeke-grate-prog-tr,yab,yawakïpëkë,,,grate-PROG.TR,yawakï pëkë,,,,,
yawakiri-grate-ipfv,yab,yawakïrï,,,grate-IPFV,yawakï rï,,,,,
yumukunu-lk-hand-pert,yab,yumukunu,,,LK-hand-PERT,y umukunu ∅,,,,,
tajnomo-piaroa,yab,tajnomo,,,Piaroa,tajnomo,,,,,
tepu-stone,yab,tëpu,,,stone,tëpu,,,,,
tata-3p-say-ipfv,yab,tata,,,3P-say-IPFV,ta ta ∅,,,,,
keyamajpe-raise-pst,yab,këyamajpë,,,raise-PST,këyama jpë,,,,,
yojteri-fish-with-hook-ipfv,yab,yojtëri,,,fish_with_hook-IPFV,yojtë ri,,,,,
kuneri-cook-ipfv,yab,kunëri,,,cook-IPFV,kunë ri,,,,,
moronkapike-make-suffer-prog-tr,yab,moronkapïkë,,,make_suffer-PROG.TR,moronka pïkë,,,,,
tamoronkapike-3p-make-suffer-prog-tr,yab,tamoronkapïkë,,,3P-make_suffer-PROG.TR,ta moronka pïkë,,,,,
te-go-acnnmlz,yab,të,,,go-ACNNMLZ,të ∅,,,,,
eme-2-father,yab,ëmë,,,2-father,ë më,,,,,
itopo-put-circ-nmlz,yab,itopo,,,put-CIRC.NMLZ,i topo,,,,,
ija-put-neg,yab,ija,,,put-NEG,i ja,,,,,
ijta-3-foot-pert,yab,ijta,,,3-foot-PERT,i jta ∅,,,,,
seremake-eat-imp,yab,seremakë,,,eat-IMP,serema kë,,,,,
seremaja-eat-neg,yab,seremaja,,,eat-NEG,serema ja,,,,,
pike-when,yab,pïkë,,,when,pïkë,,,,,
teretapiri-3-cultivated-plant-pert,yab,teretapiri,,,3-cultivated_plant-PERT,t eretapi ri,,,,,
yantopo-pick-up-circ-nmlz,yab,yantopo,,,pick_up-CIRC.NMLZ,yan topo,,,,,
apatakase-come-out-sup,yab,apatakase,,,come_out-SUP,apataka se,,,,,
najwata-harbor,yab,najwata,,,harbor,najwata,,,,,
ka-all,yab,ka,,,ALL,ka,,,,,
wejse-cop-pst,yab,wejse,,,COP-PST,wej se,,,,,
yenejpe-eat-meat-pst-acnnmlz,yab,yënëjpë,,,eat(meat)-PST.ACNNMLZ,yënë jpë,,,,,
wejse-come-pst,yab,wejse,,,come-PST,wej se,,,,,
sare-here-all,yab,sarë,,,here.ALL,sarë,,,,,
wejsaj-come-abs-nmlz,yab,wejsaj,,,come-ABS.NMLZ,wej saj,,,,,
jtari-foot-pert,yab,jtari,,,foot-PERT,jta ri,,,,,
apono-later-nmlz,yab,apono,,,later-NMLZ,apo no,,,,,
tatojpase-3p-hit-pst,yab,tatojpase,,,3P-hit-PST,ta tojpa se,,,,,
esemaja-die-neg,yab,ësëmaja,,,die-NEG,ësëma ja,,,,,
sawo-rapids,yab,sawo,,,rapids,sawo,,,,,
seni-prox-inan,yab,seni,,,PROX.INAN,seni,,,,,
moronemi-hurting-nmlz,yab,moronemï,,,hurting-NMLZ,morone mï,,,,,
enirem-now-nmlz,yab,enirëm,,,now-NMLZ,enirë m,,,,,
meni-dist-inan,yab,mënï,,,DIST.INAN,mënï,,,,,
nune-moon,yab,nunë,,,moon,nunë,,,,,
moyochi-spider-sp,yab,moyochi,,,spider(sp.),moyochi,,,,,
wurijyan-woman,yab,wurijyan,,,woman,wurijyan,,,,,
tayaketese-3p-cut-pst,yab,tayakëtëse,,,3P-cut-PST,ta yakëtë se,,,,,
tatojpapeti-3p-hit-plur-ipfv,yab,tatojpapëti,,,3P-hit-PLUR-IPFV,ta tojpa pëti ∅,,,,,
yejweti-lk-hammock-pert,yab,yejweti,,,LK-hammock-PERT,y ejwe ti,,,,,
yaketeri-cut-ipfv,yab,yakëtëri,,,cut-IPFV,yakëtë ri,,,,,
yaketejrama-cut-proh,yab,yakëtëjrama,,,cut-PROH,yakëtë jrama,,,,,
yaketejpe-cut-pst,yab,yakëtëjpë,,,cut-PST,yakëtë jpë,,,,,
tasare-say-imn,yab,tasarë,,,say-IMN,ta sarë,,,,,
warotari-work-ipfv,yab,warotari,,,work-IPFV,warota ri,,,,,
yatun-day,yab,yatun,,,day,yatun,,,,,
warotaja-work-neg,yab,warotaja,,,work-NEG,warota ja,,,,,
yataneri-adolescent-pert,yab,yatanëri,,,adolescent-PERT,yatanë ri,,,,,
mujyam-pregnancy,yab,mujyam,,,pregnancy,mujyam,,,,,
patakaja-take-out-neg,yab,patakaja,,,take_out-NEG,pataka ja,,,,,
taj-say-ipfv,yab,taj,,,say-IPFV,taj ∅,,,,,
tani-say-agtnmlz,yab,tani,,,say-AGTNMLZ,ta ni,,,,,
yeretapi-lk-cultivated-plant-pert,yab,yeretapi,,,LK-cultivated_plant-PERT,y eretapi ∅,,,,,
soj-splash,yab,soj,,,splash,soj,,,,,
yawaka-sow-ipfv,yab,yawaka,,,sow-IPFV,yawaka ∅,,,,,
kamprari-big-pert,yab,kamprari,,,big-PERT,kampra ri,,,,,
yawakapeke-sow-prog-tr,yab,yawakapëkë,,,sow-PROG.TR,yawaka pëkë,,,,,
tayawaka-3p-sow-ipfv,yab,tayawaka,,,3P-sow-IPFV,ta yawaka ∅,,,,,
tayawakari-3p-sow-ipfv,yab,tayawakari,,,3P-sow-IPFV,ta yawaka ri,,,,,
enijpeteno-one-nmlz,yab,enijpëtëno,,,one-NMLZ,enijpëtë no,,,,,
yapijtomo-old,yab,yapijtomo,,,old,yapijtomo,,,,,
ekete-where,yab,ëkëtë,,,where,ëkëtë,,,,,
tayopojpe-3p-find-pst,yab,tayopojpë,,,3P-find-PST,ta yopo jpë,,,,,
tayawakase-3p-sow-pst,yab,tayawakase,,,3P-sow-PST,ta yawaka se,,,,,
kojpa-night,yab,kojpa,,,night,kojpa,,,,,
tayawakajpe-3p-sow-pst,yab,tayawakajpë,,,3P-sow-PST,ta yawaka jpë,,,,,
eretapi-cultivated-plant,yab,eretapi,,,cultivated_plant,eretapi,,,,,
ijtetojpano-3-go-fut-concl,yab,ijtëtojpano,,,3-go-FUT.CONCL,ij të tojpano,,,,,
sejpejteke-dream-pl-imp,yab,sejpëjtëkë,,,dream-PL-IMP,sejpëj të kë,,,,,
yampejteke-pick-up-plur-pl-imp,yab,yampëjtëkë,,,pick_up-PLUR-PL-IMP,yam pëj të kë,,,,,
kawaraturu-k-pert,yab,kawaraturu,,,K.-PERT,kawaratu ru,,,,,
kawaratu-k,yab,kawaratu,,,K.,kawaratu,,,,,
wajyama-kiss-ipfv,yab,wajyama,,,kiss-IPFV,wajyama ∅,,,,,
tesej-3-name-pert,yab,tesej,,,3-name-PERT,t ese j,,,,,
yamuwati-y,yab,yamuwati,,,Y.,yamuwati,,,,,
teseti-3-name-pert,yab,teseti,,,3-name-PERT,t ese ti,,,,,
yenipeke-drink-prog-tr-1,yab,yënïpëkë,,,drink-PROG.TR,yënï pëkë,,,,,
tese-prop-name,yab,tese,,,PROP-name,t ese,,,,,
we-kill-acnnmlz,yab,wë,,,kill-ACNNMLZ,wë ∅,,,,,
epejpe-escape-pst,yab,epejpë,,,escape-PST,epe jpë,,,,,
epepejse-escape-plur-pst,yab,epepëjse,,,escape-PLUR-PST,epe pëj se,,,,,
wepejse-kill-plur-pst,yab,wëpëjse,,,kill-PLUR-PST,wë pëj se,,,,,
konton-pl,yab,konton,,,PL,konton,,,,,
tajtopojpe-say-circ-nmlz-pst,yab,tajtopojpë,,,say-CIRC.NMLZ-PST,taj topo jpë,,,,,
wine-from,yab,winë,,,from,winë,,,,,
yojsemi-eat-starch-ptcp-nmlz,yab,yojsemï,,,eat(starch)-PTCP-NMLZ,yoj se mï,,,,,
yensemi-drink-ptcp-nmlz,yab,yënsemï,,,drink-PTCP-NMLZ,yën se mï,,,,,
yamansemi-make-ptcp-nmlz,yab,yamansemï,,,make-PTCP-NMLZ,yaman se mï,,,,,
taijpe-3p-put-pst,yab,taijpë,,,3P-put-PST,ta i jpë,,,,,
yajwema-sweeten-acnnmlz,yab,yajwema,,,sweeten-ACNNMLZ,yajwema ∅,,,,,
yeni-drink-acnnmlz,yab,yëni,,,drink-ACNNMLZ,yëni ∅,,,,,
najpi-grandfather,yab,najpï,,,grandfather,najpï,,,,,
najmotomo-grandmother-pl,yab,najmotomo,,,grandmother-PL,najmo tomo,,,,,
takereti-3-relative-pert,yab,takereti,,,3-relative-PERT,t akere ti,,,,,
tojpajpe-hit-pst,yab,tojpajpë,,,hit-PST,tojpa jpë,,,,,
itatojpano-hear-fut-concl,yab,itatojpano,,,hear-FUT.CONCL,ita tojpano,,,,,
anajmotomo-2-grandmother-pert-pl,yab,anajmotomo,,,2-grandmother-PERT-PL,a najmo ∅ tomo,,,,,
waimurujpe-language-pert-pst,yab,waimurujpë,,,language-PERT-PST,waimu ru jpë,,,,,
wi-1,yab,wï,,,1,wï,,,,,
tui-give-hort,yab,tui,,,give-HORT,tu i,,,,,
semari-die-acnnmlz,yab,sëmari,,,die-ACNNMLZ,sëma ri,,,,,
semo-cry-acnnmlz,yab,sëmo,,,cry-ACNNMLZ,sëmo ∅,,,,,
yamiri-pick-up-ipfv,yab,yamïrï,,,pick_up-IPFV,yamï rï,,,,,
oki-chicha,yab,okï,,,chicha,okï,,,,,
tareri-3-leaf-pert,yab,tareri,,,3-leaf-PERT,t are ri,,,,,
yareri-lk-leaf-pert,yab,yareri,,,LK-leaf-PERT,y are ri,,,,,
yenipeke-drink-prog-tr-2,yab,yënipëkë,,,drink-PROG.TR,yëni pëkë,,,,,
senka-finish-acnnmlz,yab,sënka,,,finish-ACNNMLZ,sënka ∅,,,,,
yare-lk-leaf-pert,yab,yare,,,LK-leaf-PERT,y are ∅,,,,,
yamii-pick-up-hort,yab,yamïi,,,pick_up-HORT,yamï i,,,,,
iyajtepe-before,yab,iyajtëpe,,,before,iyajtëpe,,,,,
yamipeke-pick-up-prog-tr,yab,yamïpëkë,,,pick_up-PROG.TR,yamï pëkë,,,,,
yawaranatomo-yawarana-pl,yab,yawaranatomo,,,Yawarana-PL,yawarana tomo,,,,,
nwajtenepeke-dance-prog-intr,yab,nwajtënëpëkë,,,dance-PROG.INTR,nwajtë nëpëkë,,,,,
yeniri-drink-ipfv,yab,yëniri,,,drink-IPFV,yëni ri,,,,,
kanawa-canoe,yab,kanawa,,,canoe,kanawa,,,,,
tayeniri-3p-drink-ipfv,yab,tayëniri,,,3P-drink-IPFV,ta yëni ri,,,,,
tatapari-3p-beat-ipfv,yab,tatapari,,,3P-beat-IPFV,ta tapa ri,,,,,
entono-from-here,yab,entono,,,from_here,entono,,,,,
chijpe-cop-pst-acnnmlz,yab,chijpë,,,COP-PST.ACNNMLZ,chi jpë,,,,,
yapijtontom-old-pl,yab,yapijtontom,,,old-PL,yapijton tom,,,,,
mujnajteja-bury-neg,yab,mujnajtëja,,,bury-NEG,mujnajtë ja,,,,,
tamu-3-ripeness-pert,yab,tamu,,,3-ripeness-PERT,t amu ∅,,,,,
mujnajtejrama-bury-proh,yab,mujnajtëjrama,,,bury-PROH,mujnajtë jrama,,,,,
yajno-brother-in-law-man,yab,yajno,,,brother_in_law(man),yajno,,,,,
ike-put-imp,yab,ikë,,,put-IMP,i kë,,,,,
tarojpe-say-pst-acnnmlz,yab,tarojpë,,,say-PST.ACNNMLZ,taro jpë,,,,,
wajto-fire,yab,wajto,,,fire,wajto,,,,,
wati-burn-acnnmlz,yab,watï,,,burn-ACNNMLZ,watï ∅,,,,,
yampejse-pick-up-plur-pst,yab,yampëjse,,,pick_up-PLUR-PST,yam pëj se,,,,,
tene-go-inf,yab,tënë,,,go-INF,të në,,,,,
yasukari-lk-sugar-pert,yab,yasukari,,,LK-sugar-PERT,y asuka ri,,,,,
yakai-dig-out-hort,yab,yakai,,,dig_out-HORT,yaka i,,,,,
yamansem-make-ptcp-nmlz,yab,yamansem,,,make-PTCP-NMLZ,yaman se m,,,,,
esene-see-self-acnnmlz,yab,esene,,,see_self-ACNNMLZ,esene ∅,,,,,
yawarana-yawarana,yab,yawarana,,,Yawarana,yawarana,,,,,
sene-see-self-acnnmlz,yab,sene,,,see_self-ACNNMLZ,sene ∅,,,,,
yatane-adolescent,yab,yatanë,,,adolescent,yatanë,,,,,
yeremari-feed-ipfv,yab,yeremari,,,feed-IPFV,yerema ri,,,,,
tenuru-3-eye-pert,yab,tënuru,,,3-eye-PERT,t ënu ru,,,,,
warotata-work-motimp,yab,warotata,,,work-MOTIMP,warota ta,,,,,
rokotapetiri-become-crazy-plur-ipfv,yab,rokotapëtiri,,,become_crazy-PLUR-IPFV,rokota pëti ri,,,,,
tenu-3-eye-pert,yab,tënu,,,3-eye-PERT,t ënu ∅,,,,,
tepetiri-go-plur-ipfv,yab,tëpëtiri,,,go(PLUR)-IPFV,tëpëti ri,,,,,
patakajpe-take-out-pst-acnnmlz,yab,patakajpë,,,take_out-PST.ACNNMLZ,pataka jpë,,,,,
yenepeke-eat-meat-prog-tr,yab,yënëpëkë,,,eat(meat)-PROG.TR,yënë pëkë,,,,,
wajpejnepeke-burn-plur-prog-intr,yab,wajpëjnëpëkë,,,burn-PLUR-PROG.INTR,waj pëj nëpëkë,,,,,
punu-flesh,yab,punu,,,flesh,punu,,,,,
senkasem-finish-ptcp-nmlz,yab,sënkasem,,,finish-PTCP-NMLZ,sënka se m,,,,,
chipiyu-fungus-sp,yab,chipiyu,,,fungus.sp,chipiyu,,,,,
waimuja-speak-neg,yab,waimuja,,,speak-NEG,waimu ja,,,,,
nepiri-bring-ipfv,yab,nepïrï,,,bring-IPFV,nepï rï,,,,,
tari-say-acnnmlz,yab,tari,,,say-ACNNMLZ,ta ri,,,,,
yeke-tooth-prop,yab,yeke,,,tooth-PROP,ye ke,,,,,
waimujrama-speak-proh,yab,waimujrama,,,speak-PROH,waimu jrama,,,,,
kune-cook-ipfv,yab,kunë,,,cook-IPFV,kunë ∅,,,,,
moroni-pain,yab,moroni,,,pain,moroni,,,,,
yu-lk-starchy-food-pert,yab,yu,,,LK-starchy_food-PERT,y u ∅,,,,,
tapojtepori-3p-want-des-ipfv,yab,tapojtëpori,,,3P-want-DES-IPFV,ta pojtë po ri,,,,,
ej-1-2,yab,ej,,,1+2,ej,,,,,
pakara-basket,yab,pakara,,,basket,pakara,,,,,
pikapeke-peel-prog-tr,yab,pikapëkë,,,peel-PROG.TR,pika pëkë,,,,,
wenkepiri-forget-ipfv,yab,wënkepïrï,,,forget-IPFV,wënkepï rï,,,,,
warotasemi-work-ptcp-nmlz,yab,warotasemï,,,work-PTCP-NMLZ,warota se mï,,,,,
yawakija-grate-neg,yab,yawakïja,,,grate-NEG,yawakï ja,,,,,
yamaneja-make-neg,yab,yamanëja,,,make-NEG,yamanë ja,,,,,
najmoton-grandmother-pl,yab,najmoton,,,grandmother-PL,najmo ton,,,,,
sawankuitojpano-die-fut-concl,yab,sawankuitojpano,,,die-FUT.CONCL,sawankui tojpano,,,,,
warota-work-acnnmlz,yab,warota,,,work-ACNNMLZ,warota ∅,,,,,
tarojpe-say-pst,yab,tarojpë,,,say-PST,taro jpë,,,,,
warotapeke-work-prog-tr,yab,warotapëkë,,,work-PROG.TR,warota pëkë,,,,,
sereri-bitter-manioc-pert,yab,sereri,,,bitter_manioc-PERT,sere ri,,,,,
i-put-acnnmlz,yab,i,,,put-ACNNMLZ,i ∅,,,,,
terepun-3-sick-pert,yab,terepun,,,3-sick-PERT,t erepun ∅,,,,,
emo-2-father,yab,ëmo,,,2-father,ë mo,,,,,
naijtopo-do-circ-nmlz,yab,naijtopo,,,do-CIRC.NMLZ,naij topo,,,,,
warotane-work-inf,yab,warotanë,,,work-INF,warota në,,,,,
senkapetijpe-finish-plur-pst,yab,sënkapëtijpë,,,finish-PLUR-PST,sënka pëti jpë,,,,,
najmotom-grandmother-pl,yab,najmotom,,,grandmother-PL,najmo tom,,,,,
warotakem-work-acnnmlz-prop-nmlz,yab,warotakem,,,work-ACNNMLZ-PROP-NMLZ,warota ∅ ke m,,,,,
sempinuku-close-eyes-acnnmlz,yab,sëmpinuku,,,close_eyes-ACNNMLZ,sëmpinuku ∅,,,,,
maketon-mom-pl,yab,makëton,,,mom-PL,makë ton,,,,,
senkapejse-finish-plur-pst,yab,sënkapëjse,,,finish-PLUR-PST,sënka pëj se,,,,,
papatom-father-pl,yab,papatom,,,father-PL,papa tom,,,,,
najpitom-grandfather-pl,yab,najpïtom,,,grandfather-PL,najpï tom,,,,,
werewere-mosquito-sp,yab,werewere,,,mosquito_sp.,werewere,,,,,
semaja-die-neg,yab,sëmaja,,,die-NEG,sëma ja,,,,,
ketaja-stink-neg,yab,këtaja,,,stink-NEG,këta ja,,,,,
tajtojpano-say-fut-concl,yab,tajtojpano,,,say-FUT.CONCL,taj tojpano,,,,,
watiri-burn-ipfv,yab,watïrï,,,burn-IPFV,watï rï,,,,,
nwapeke-glute-about,yab,nwapëkë,,,glute-about,nwa pëkë,,,,,
yeniri-drink-ipfv-1,yab,yënïrï,,,drink-IPFV,yënï rï,,,,,
ijmojkapeke-cook-prog-tr,yab,ijmojkapëkë,,,cook-PROG.TR,ijmojka pëkë,,,,,
wajsaj-burn-abs-nmlz,yab,wajsaj,,,burn-ABS.NMLZ,waj saj,,,,,
ijmojkasemi-cook-ptcp-nmlz,yab,ijmojkasemï,,,cook-PTCP-NMLZ,ijmojka se mï,,,,,
ijmojkasem-cook-ptcp-nmlz,yab,ijmojkasem,,,cook-PTCP-NMLZ,ijmojka se m,,,,,
ijmojka-cook-acnnmlz,yab,ijmojka,,,cook-ACNNMLZ,ijmojka ∅,,,,,
wurijyantomo-woman-pl,yab,wurijyantomo,,,woman-PL,wurijyan tomo,,,,,
wejsaj-cop-abs-nmlz,yab,wejsaj,,,COP-ABS.NMLZ,wej saj,,,,,
wepijpe-come-pst,yab,wepïjpë,,,come-PST,wepï jpë,,,,,
minteno-there-loc-nmlz,yab,mïntëno,,,there.LOC-NMLZ,mïntë no,,,,,
merisiyo-m,yab,merisiyo,,,M.,merisiyo,,,,,
warotajpe-work-pst,yab,warotajpë,,,work-PST,warota jpë,,,,,
javier-j,yab,javier,,,J.,javier,,,,,
yeseti-lk-name-pert,yab,yeseti,,,LK-name-PERT,y ese ti,,,,,
tuni-give-agtnmlz,yab,tuni,,,give-AGTNMLZ,tu ni,,,,,
ron-rum,yab,ron,,,rum,ron,,,,,
inteke-see-pl-imp,yab,intëkë,,,see-PL-IMP,in të kë,,,,,
wejkapetiri-fall-plur-ipfv,yab,wëjkapëtiri,,,fall-PLUR-IPFV,wëjka pëti ri,,,,,
yapejpo-grab-des-ipfv,yab,yapëjpo,,,grab-DES-IPFV,yapëj po ∅,,,,,
wejkaja-fall-neg,yab,wëjkaja,,,fall-NEG,wëjka ja,,,,,
montomo-2pl-pro,yab,montomo,,,2PL.PRO,montomo,,,,,
wejkapeti-fall-plur-ipfv,yab,wëjkapëti,,,fall-PLUR-IPFV,wëjka pëti ∅,,,,,
karasakemi-white-nmlz,yab,karasakemï,,,white-NMLZ,karasake mï,,,,,
margarita-m,yab,margarita,,,M.,margarita,,,,,
asakeno-two-nmlz,yab,asakëno,,,two-NMLZ,asakë no,,,,,
antonio-a,yab,antonio,,,A.,antonio,,,,,
yawankajpe-kill-pst,yab,yawankajpë,,,kill-PST,yawanka jpë,,,,,
tapejmajpe-3p-bewitch-pst,yab,tapejmajpë,,,3P-bewitch-PST,ta pejma jpë,,,,,
taiche-3p-put-pst,yab,taiche,,,3P-put-PST,ta i che,,,,,
isere-3-bitter-manioc-pert,yab,isere,,,3-bitter_manioc-PERT,i sere ∅,,,,,
wejtojpe-come-purp,yab,wejtojpe,,,come-PURP,wej tojpe,,,,,
pajarito-p,yab,pajarito,,,P.,pajarito,,,,,
tajtopo-say-circ-nmlz,yab,tajtopo,,,say-CIRC.NMLZ,taj topo,,,,,
yakucho-p-a,yab,yakucho,,,P._A.,yakucho,,,,,
ipojpe-put-des-pst,yab,ipojpë,,,put-DES-PST,i po jpë,,,,,
semase-die-sup,yab,sëmase,,,die-SUP,sëma se,,,,,
warota-work-ipfv,yab,warota,,,work-IPFV,warota ∅,,,,,
ijtepejse-3-go-plur-pst,yab,ijtëpëjse,,,3-go-PLUR-PST,ij të pëj se,,,,,
ijtepejsaj-3-go-plur-pfv,yab,ijtëpëjsaj,,,3-go-PLUR-PFV,ij të pëj saj,,,,,
ijte-there,yab,ijtë,,,there,ijtë,,,,,
warotase-work-sup,yab,warotase,,,work-SUP,warota se,,,,,
yipiri-mountain-pert,yab,yïpïrï,,,mountain-PERT,yïpï rï,,,,,
tasojpase-3p-take-out-pst,yab,tasojpase,,,3P-take_out-PST,ta sojpa se,,,,,
sojpa-take-out-ipfv,yab,sojpa,,,take_out-IPFV,sojpa ∅,,,,,
kasajpe-fruit-pit,yab,kasajpë,,,fruit_pit,kasajpë,,,,,
saku-sweet-potato,yab,saku,,,sweet_potato,saku,,,,,
apuni-soap,yab,apuni,,,soap,apuni,,,,,
wepi-come-acnnmlz,yab,wepï,,,come-ACNNMLZ,wepï ∅,,,,,
teja-go-neg,yab,tëja,,,go-NEG,të ja,,,,,
winiki-sleep-acnnmlz,yab,wïnïkï,,,sleep-ACNNMLZ,wïnïkï ∅,,,,,
sejpetiri-dream-ipfv,yab,sejpëtiri,,,dream-IPFV,sejpëti ri,,,,,
sejpejse-dream-pst,yab,sejpëjse,,,dream-PST,sejpëj se,,,,,
tejrama-go-proh,yab,tëjrama,,,go-PROH,të jrama,,,,,
sejke-be-imp,yab,sejkë,,,be.IMP,sejkë,,,,,
waimu-language-pert,yab,waimu,,,language-PERT,waimu ∅,,,,,
ammm-um,yab,ammm,,,um,ammm,,,,,
yojse-eat-starch-pst,yab,yojse,,,eat(starch)-PST,yoj se,,,,,
tainiri-3p-see-ipfv,yab,tainiri,,,3P-see-IPFV,ta ini ri,,,,,
sejpeti-dream-acnnmlz,yab,sejpëti,,,dream-ACNNMLZ,sejpëti ∅,,,,,
yakaramari-tell-ipfv,yab,yakaramari,,,tell-IPFV,yakarama ri,,,,,
sejpejse-dream-sup,yab,sejpëjse,,,dream-SUP,sejpëj se,,,,,
ejnomo-ejnomo,yab,ejnomo,,,ejnomo,ejnomo,,,,,
yapichiri-grab-ipfv,yab,yapïchiri,,,grab-IPFV,yapïchi ri,,,,,
yakiri-lk-worm-pert,yab,yakïrï,,,LK-worm-PERT,y akï rï,,,,,
yawoton-lk-uncle-pert-pl,yab,yawoton,,,LK-uncle-PERT-PL,y awo ∅ ton,,,,,
yapichijpe-grab-pst,yab,yapïchijpë,,,grab-PST,yapïchi jpë,,,,,
tejpe-go-pst,yab,tëjpë,,,go-PST,të jpë,,,,,
sejpetijpe-dream-pst,yab,sejpëtijpë,,,dream-PST,sejpëti jpë,,,,,
tayakarama-3p-tell-ipfv,yab,tayakarama,,,3P-tell-IPFV,ta yakarama ∅,,,,,
ati-plot-of-cultivated-land,yab,ati,,,plot_of_cultivated_land,ati,,,,,
yakete-cut-ipfv,yab,yakëtë,,,cut-IPFV,yakëtë ∅,,,,,
ye-tooth-pert,yab,yë,,,tooth-PERT,yë ∅,,,,,
wejkari-fall-ipfv,yab,wëjkari,,,fall-IPFV,wëjka ri,,,,,
wejka-fall-ipfv,yab,wëjka,,,fall-IPFV,wëjka ∅,,,,,
esematojpano-die-fut-concl,yab,ësëmatojpano,,,die-FUT.CONCL,ësëma tojpano,,,,,
ye-tooth,yab,yë,,,tooth,yë,,,,,
sojpasemi-take-out-ptcp-nmlz,yab,sojpasemï,,,take_out-PTCP-NMLZ,sojpa se mï,,,,,
chiri-cop-ipfv,yab,chiri,,,COP-IPFV,chi ri,,,,,
yakereti-lk-relative-pert-1,yab,yakërëti,,,LK-relative-PERT,y akërë ti,,,,,
chiyakono-friend-pert,yab,chiyakono,,,friend-PERT,chiyakono ∅,,,,,
sema-die-ipfv,yab,sëma,,,die-IPFV,sëma ∅,,,,,
semari-die-ipfv,yab,sëmari,,,die-IPFV,sëma ri,,,,,
yaketese-cut-pst,yab,yakëtëse,,,cut-PST,yakëtë se,,,,,
yemese-eat-fruits-eggs-soup-pst,yab,yemese,,,eat(fruits_eggs_soup)-PST,yeme se,,,,,
sematojpano-die-fut-concl,yab,sëmatojpano,,,die-FUT.CONCL,sëma tojpano,,,,,
yakerejtomo-lk-relative-pert-pl,yab,yakerejtomo,,,LK-relative-PERT-PL,y akere j tomo,,,,,
sematopo-die-circ-nmlz,yab,sëmatopo,,,die-CIRC.NMLZ,sëma topo,,,,,
wejtojpe-cop-fut,yab,wejtojpe,,,COP-FUT,wej tojpe,,,,,
yakerej-lk-relative-pert-1,yab,yakërëj,,,LK-relative-PERT,y akërë j,,,,,
maniki-rel-anim-1,yab,manïkï,,,REL.ANIM,manïkï,,,,,
wejkajpe-fall-pst,yab,wëjkajpë,,,fall-PST,wëjka jpë,,,,,
ijpu-summit,yab,ijpu,,,summit,ijpu,,,,,
sejpeti-dream-ipfv,yab,sejpëti,,,dream-IPFV,sejpëti ∅,,,,,
wejkase-fall-sup,yab,wëjkase,,,fall-SUP,wëjka se,,,,,
taitaja-3p-hear-neg,yab,taitaja,,,3P-hear-NEG,ta ita ja,,,,,
enire-now,yab,enirë,,,now,enirë,,,,,
winijse-sleep-pst,yab,wïnïjse,,,sleep-PST,wïnïj se,,,,,
empampori-learn-des-ipfv,yab,ëmpampori,,,learn-DES-IPFV,ëmpam po ri,,,,,
intojpe-see-purp,yab,intojpe,,,see-PURP,in tojpe,,,,,
iche-put-pst,yab,iche,,,put-PST,i che,,,,,
pojtepori-want-des-ipfv,yab,pojtëpori,,,want-DES-IPFV,pojtë po ri,,,,,
winijpo-sleep-des-ipfv,yab,wïnïjpo,,,sleep-DES-IPFV,wïnïj po ∅,,,,,
asamopeke-cry-prog-tr,yab,asamopëkë,,,cry-PROG.TR,asamo pëkë,,,,,
nemeri-leave-ipfv,yab,nëmëri,,,leave-IPFV,nëmë ri,,,,,
neto-n,yab,neto,,,N.,neto,,,,,
tapojte-3p-want-ipfv,yab,tapojtë,,,3P-want-IPFV,ta pojtë ∅,,,,,
pojte-want-ipfv,yab,pojtë,,,want-IPFV,pojtë ∅,,,,,
araya-monkey-spider,yab,araya,,,monkey_spider,araya,,,,,
kune-cook-acnnmlz,yab,kunë,,,cook-ACNNMLZ,kunë ∅,,,,,
parujpe-broth,yab,parujpë,,,broth,parujpë,,,,,
yipi-mountain,yab,yïpï,,,mountain,yïpï,,,,,
tayapichiri-3p-grab-ipfv,yab,tayapïchiri,,,3P-grab-IPFV,ta yapïchi ri,,,,,
nai-do-acnnmlz,yab,nai,,,do-ACNNMLZ,nai ∅,,,,,
iyeri-3-tooth-pert,yab,iyëri,,,3-tooth-PERT,i yë ri,,,,,
yekemi-tooth-prop-nmlz,yab,yekemï,,,tooth-PROP-NMLZ,ye ke mï,,,,,
yeri-tooth-pert,yab,yëri,,,tooth-PERT,yë ri,,,,,
chuk-smack,yab,chuk,,,smack,chuk,,,,,
yojtopo-eat-starch-circ-nmlz,yab,yojtopo,,,eat(starch)-CIRC.NMLZ,yoj topo,,,,,
tayapichi-3p-grab-ipfv,yab,tayapïchi,,,3P-grab-IPFV,ta yapïchi ∅,,,,,
kori-brassolis-sophorae,yab,korï,,,brassolis_sophorae,korï,,,,,
yotijpe-lk-meat-pert-pst,yab,yotijpë,,,LK-meat-PERT-PST,y oti ∅ jpë,,,,,
sawankuijpe-die-pst,yab,sawankuijpë,,,die-PST,sawankui jpë,,,,,
teri-go-ipfv,yab,tëri,,,go-IPFV,të ri,,,,,
pata-village-pert,yab,pata,,,village-PERT,pata ∅,,,,,
iyajteke-care-for-imp,yab,iyajtëkë,,,care_for-IMP,iyajtë kë,,,,,
aya-ratomo-2-grandchild-pert-pl,yab,aya'ratomo,,,2-grandchild-PERT-PL,a ya'ra ∅ tomo,,,,,
tajnontomo-piaroa-pl,yab,tajnontomo,,,Piaroa-PL,tajnon tomo,,,,,
nono-earth-pert,yab,nono,,,earth-PERT,nono ∅,,,,,
warotatojpe-work-purp,yab,warotatojpe,,,work-PURP,warota tojpe,,,,,
inajmo-3-grandmother-pert,yab,inajmo,,,3-grandmother-PERT,i najmo ∅,,,,,
ijteja-3-go-neg,yab,ijtëja,,,3-go-NEG,ij të ja,,,,,
pojteri-want-ipfv,yab,pojtëri,,,want-IPFV,pojtë ri,,,,,
ijte-3-go-ipfv,yab,ijtë,,,3-go-IPFV,ij të ∅,,,,,
mujnajtejpe-bury-pst,yab,mujnajtëjpë,,,bury-PST,mujnajtë jpë,,,,,
ayakono-2-younger-sister-of-woman-pert,yab,ayakono,,,2-younger_sister_of_woman-PERT,ay akono ∅,,,,,
tapojtejpe-3p-want-pst,yab,tapojtëjpë,,,3P-want-PST,ta pojtë jpë,,,,,
takinori-3-younger-brother-pert,yab,takinori,,,3-younger_brother-PERT,t akino ri,,,,,
awo-uncle,yab,awo,,,uncle,awo,,,,,
nonorijpe-earth-pert-pst,yab,nonorijpë,,,earth-PERT-PST,nono ri jpë,,,,,
semekiri-defend-ipfv,yab,semekïrï,,,defend-IPFV,semekï rï,,,,,
ayakonotomo-2-younger-sister-of-woman-pert-pl,yab,ayakonotomo,,,2-younger_sister_of_woman-PERT-PL,ay akono ∅ tomo,,,,,
pojteke-want-imp,yab,pojtëkë,,,want-IMP,pojtë kë,,,,,
taise-3p-put-pst,yab,taise,,,3P-put-PST,ta i se,,,,,
rokotase-become-crazy-pst,yab,rokotase,,,become_crazy-PST,rokota se,,,,,
sukasemi-all-nmlz,yab,sukasemï,,,all-NMLZ,sukase mï,,,,,
nankaja-find-neg,yab,nankaja,,,find-NEG,nanka ja,,,,,
nankajpe-find-pst,yab,nankajpë,,,find-PST,nanka jpë,,,,,
yejpejpe-bone-pst,yab,yëjpëjpë,,,bone-PST,yëjpë jpë,,,,,
tanemejpe-3p-leave-pst,yab,tanëmëjpë,,,3P-leave-PST,ta nëmë jpë,,,,,
tutojpe-give-purp,yab,tutojpe,,,give-PURP,tu tojpe,,,,,
tayamanijpe-3p-make-pst,yab,tayamanijpë,,,3P-make-PST,ta yamani jpë,,,,,
tayujwari-3p-burn-ipfv,yab,tayujwari,,,3P-burn-IPFV,ta yujwa ri,,,,,
nankajpe-find-pst-acnnmlz,yab,nankajpë,,,find-PST.ACNNMLZ,nanka jpë,,,,,
eki-chicha,yab,ëkï,,,chicha,ëkï,,,,,
yeni-drink-acnnmlz-1,yab,yeni,,,drink-ACNNMLZ,yeni ∅,,,,,
wepi-come-ipfv,yab,wepï,,,come-IPFV,wepï ∅,,,,,
inta-see-motimp,yab,inta,,,see-MOTIMP,in ta,,,,,
yolanda-y,yab,yolanda,,,Y.,yolanda,,,,,
yamanke-make-imp,yab,yamankë,,,make-IMP,yaman kë,,,,,
tuj-fall,yab,tuj,,,fall,tuj,,,,,
tanejse-3p-bring-pst,yab,tanejse,,,3P-bring-PST,ta nej se,,,,,
michisantomo-med-anim-pl,yab,michisantomo,,,MED.ANIM.PL,michisantomo,,,,,
waijterijpe-head-pert-pst,yab,waijtërijpë,,,head-PERT-PST,waijtë ri jpë,,,,,
tayeneja-3p-eat-meat-neg,yab,tayënëja,,,3P-eat(meat)-NEG,ta yënë ja,,,,,
tasojpajpe-3p-take-out-pst,yab,tasojpajpë,,,3P-take_out-PST,ta sojpa jpë,,,,,
ante-fish-hook,yab,antë,,,fish_hook,antë,,,,,
pechine-odorous,yab,pëchine,,,odorous,pëchine,,,,,
wejtetoj-go-down-circ-nmlz,yab,wëjtëtoj,,,go_down-CIRC.NMLZ,wëjtë toj,,,,,
tayakaramajpe-3p-tell-pst,yab,tayakaramajpë,,,3P-tell-PST,ta yakarama jpë,,,,,
yakaramajpe-tell-pst,yab,yakaramajpë,,,tell-PST,yakarama jpë,,,,,
wara-thus,yab,wara,,,thus,wara,,,,,
senkatoj-finish-circ-nmlz,yab,sënkatoj,,,finish-CIRC.NMLZ,sënka toj,,,,,
mare-still-1,yab,marë,,,still,marë,,,,,
keyetase-grow-sup,yab,këyetase,,,grow-SUP,këyeta se,,,,,
yamanipeke-make-prog-tr,yab,yamanipëkë,,,make-PROG.TR,yamani pëkë,,,,,
yemekunu-five,yab,yemekunu,,,five,yemekunu,,,,,
tiwiti-3-house-pert,yab,tïwïtï,,,3-house-PERT,t ïwïtï ∅,,,,,
chijtoj-cop-circ-nmlz,yab,chijtoj,,,COP-CIRC.NMLZ,chij toj,,,,,
nemepeti-leave-plur-ipfv,yab,nëmëpëti,,,leave-PLUR-IPFV,nëmë pëti ∅,,,,,
we-kill-ipfv,yab,wë,,,kill-IPFV,wë ∅,,,,,
tuja-give-neg,yab,tuja,,,give-NEG,tu ja,,,,,
yeremaja-feed-neg,yab,yeremaja,,,feed-NEG,yerema ja,,,,,
yamanepike-make-prog-tr,yab,yamanëpïkë,,,make-PROG.TR,yamanë pïkë,,,,,
yujwapetipeke-burn-plur-prog-tr,yab,yujwapëtipëkë,,,burn-PLUR-PROG.TR,yujwa pëti pëkë,,,,,
tayami-3p-pick-up-ipfv,yab,tayamï,,,3P-pick_up-IPFV,ta yamï ∅,,,,,
tayempeka-3p-offend-ipfv,yab,tayëmpëka,,,3P-offend-IPFV,ta yëmpëka ∅,,,,,
pachitom-older-sister-of-woman-pl,yab,pachitom,,,older_sister_of_woman-PL,pachi tom,,,,,
takon-other,yab,takon,,,other,takon,,,,,
keyatapejse-grow-plur-pst,yab,këyatapëjse,,,grow-PLUR-PST,këyata pëj se,,,,,
yemepike-eat-fruits-eggs-soup-prog-tr,yab,yemepïkë,,,eat(fruits_eggs_soup)-PROG.TR,yeme pïkë,,,,,
asamopejta-cry-plur-motimp,yab,asamopëjta,,,cry-PLUR-MOTIMP,asamo pëj ta,,,,,
pachitomo-older-sister-of-woman-pl,yab,pachitomo,,,older_sister_of_woman-PL,pachi tomo,,,,,
yamanepeke-make-prog-tr,yab,yamanëpëkë,,,make-PROG.TR,yamanë pëkë,,,,,
tayujwapeti-3p-burn-plur-ipfv,yab,tayujwapëti,,,3P-burn-PLUR-IPFV,ta yujwa pëti ∅,,,,,
papapijke-father-dim,yab,papapïjkë,,,father-DIM,papa pïjkë,,,,,
weretaja-arrive-neg,yab,weretaja,,,arrive-NEG,wereta ja,,,,,
santo-s,yab,santo,,,S.,santo,,,,,
taitapeke-3p-hear-prog-tr,yab,taitapëkë,,,3P-hear-PROG.TR,ta ita pëkë,,,,,
yakaramake-tell-imp,yab,yakaramakë,,,tell-IMP,yakarama kë,,,,,
tayakaramaja-3p-tell-neg,yab,tayakaramaja,,,3P-tell-NEG,ta yakarama ja,,,,,
mare-rel-inan-1,yab,marë,,,REL.INAN,marë,,,,,
tewijna-there-ana,yab,tëwïjna,,,there.ANA,tëwïjna,,,,,
tesaj-go-abs-nmlz,yab,tësaj,,,go-ABS.NMLZ,të saj,,,,,
tonko-play-ipfv,yab,tonko,,,play-IPFV,tonko ∅,,,,,
wenkepija-forget-neg,yab,wënkepïja,,,forget-NEG,wënkepï ja,,,,,
sawankuija-die-neg,yab,sawankuija,,,die-NEG,sawankui ja,,,,,
wejta-come-motimp,yab,wejta,,,come-MOTIMP,wej ta,,,,,
jotitomo-hoti-pl,yab,jotitomo,,,hoti-PL,joti tomo,,,,,
waruwarutomo-hoti-pl,yab,waruwarutomo,,,hoti-PL,waruwaru tomo,,,,,
yawankatoj-kill-circ-nmlz,yab,yawankatoj,,,kill-CIRC.NMLZ,yawanka toj,,,,,
yamanpejteke-make-plur-pl-imp,yab,yamanpëjtëkë,,,make-PLUR-PL-IMP,yaman pëj të kë,,,,,
poyeno-above-nmlz,yab,poyeno,,,above-NMLZ,poye no,,,,,
yenepepejteke-send-away-plur-pl-imp,yab,yenepepëjtëkë,,,send_away-PLUR-PL-IMP,yenepe pëj të kë,,,,,
joti-hoti,yab,joti,,,hoti,joti,,,,,
ee-yes,yab,ëʼë,,,yes,ëʼë,,,,,
wejtojpano-come-fut-concl,yab,wejtojpano,,,come-FUT.CONCL,wej tojpano,,,,,
tajpe-say-pst,yab,tajpë,,,say-PST,ta jpë,,,,,
yamantojpe-make-fut,yab,yamantojpe,,,make-FUT,yaman tojpe,,,,,
wejpejse-come-plur-pst,yab,wejpëjse,,,come-PLUR-PST,wej pëj se,,,,,
tewisanton-3pro-pl,yab,tëwïsanton,,,3PRO.PL,tëwïsanton,,,,,
tatemeki-3p-defend-ipfv,yab,tatemekï,,,3P-defend-IPFV,ta temekï ∅,,,,,
tatemekija-3p-defend-neg,yab,tatemekïja,,,3P-defend-NEG,ta temekï ja,,,,,
tampasaj-become-angry-abs-nmlz,yab,tampasaj,,,become_angry-ABS.NMLZ,tampa saj,,,,,
wesare-kill-imn,yab,wësarë,,,kill-IMN,wë sarë,,,,,
mone-vagina,yab,mone,,,vagina,mone,,,,,
tuke-give-imp,yab,tukë,,,give-IMP,tu kë,,,,,
turu-give-ipfv,yab,turu,,,give-IPFV,tu ru,,,,,
yawankasare-kill-imn,yab,yawankasarë,,,kill-IMN,yawanka sarë,,,,,
yawankapejse-kill-plur-pst,yab,yawankapëjse,,,kill-PLUR-PST,yawanka pëj se,,,,,
yaketepejse-cut-plur-pst,yab,yakëtëpëjse,,,cut-PLUR-PST,yakëtë pëj se,,,,,
tanai-3p-do-ipfv,yab,tanai,,,3P-do-IPFV,ta nai ∅,,,,,
taperi-3-arm-wing-pert,yab,tapëri,,,3-arm_wing-PERT,t apë ri,,,,,
inchaj-see-abs-nmlz,yab,inchaj,,,see-ABS.NMLZ,in chaj,,,,,
pinita-neg,yab,pïnita,,,NEG,pïnita,,,,,
yanikipeke-call-prog-tr,yab,yanïkïpëkë,,,call-PROG.TR,yanïkï pëkë,,,,,
tawe-3p-kill-ipfv,yab,tawë,,,3P-kill-IPFV,ta wë ∅,,,,,
yawankase-kill-pst,yab,yawankase,,,kill-PST,yawanka se,,,,,
yawono-loc-nmlz,yab,yawono,,,LOC-NMLZ,yawo no,,,,,
tewisantomojpe-3pro-pl-pst,yab,tëwïsantomojpë,,,3PRO.PL-PST,tëwïsantomo jpë,,,,,
turu-3-starchy-food-pert,yab,turu,,,3-starchy_food-PERT,t u ru,,,,,
anajpe-1-3pro-pst,yab,anajpë,,,1+3PRO-PST,ana jpë,,,,,
waimuru-language-pert,yab,waimuru,,,language-PERT,waimu ru,,,,,
tayopose-3p-find-pst,yab,tayopose,,,3P-find-PST,ta yopo se,,,,,
yemese-eat-fruits-eggs-soup-sup,yab,yemese,,,eat(fruits_eggs_soup)-SUP,yeme se,,,,,
yemepori-eat-fruits-eggs-soup-des-ipfv,yab,yemepori,,,eat(fruits_eggs_soup)-DES-IPFV,yeme po ri,,,,,
tainche-3p-see-pst,yab,tainche,,,3P-see-PST,ta in che,,,,,
yemepo-eat-fruits-eggs-soup-des-ipfv,yab,yemepo,,,eat(fruits_eggs_soup)-DES-IPFV,yeme po ∅,,,,,
takase-3p-take-out-pst,yab,takase,,,3P-take_out-PST,ta ka se,,,,,
wejteke-go-down-imp,yab,wëjtëkë,,,go_down-IMP,wëjtë kë,,,,,
nopan-good-nmlz,yab,nopan,,,good-NMLZ,nop an,,,,,
wetopo-kill-circ-nmlz,yab,wëtopo,,,kill-CIRC.NMLZ,wë topo,,,,,
teseke-prop-name-prop,yab,teseke,,,PROP-name-PROP,t ese ke,,,,,
mira-priodontes-maximus,yab,mïra,,,priodontes_maximus,mïra,,,,,
inwa-3-glute-pert,yab,inwa,,,3-glute-PERT,i nwa ∅,,,,,
tapiremi-red-nmlz,yab,tapiremï,,,red-NMLZ,tapire mï,,,,,
winiki-sleep-ipfv,yab,wïnïkï,,,sleep-IPFV,wïnïkï ∅,,,,,
winijsaj-sleep-abs-nmlz,yab,wïnïjsaj,,,sleep-ABS.NMLZ,wïnïj saj,,,,,
womiri-enter-ipfv,yab,womïrï,,,enter-IPFV,womï rï,,,,,
apataka-come-out-acnnmlz,yab,apataka,,,come_out-ACNNMLZ,apataka ∅,,,,,
waraijtokem-husband-prop-nmlz,yab,waraijtokem,,,husband-PROP-NMLZ,waraijto ke m,,,,,
apatakai-come-out-hort,yab,apatakai,,,come_out-HORT,apataka i,,,,,
tachikaja-3p-bite-neg,yab,tachikaja,,,3P-bite-NEG,ta chika ja,,,,,
patakapeti-take-out-plur-ipfv,yab,patakapëti,,,take_out-PLUR-IPFV,pataka pëti ∅,,,,,
esemapori-die-des-ipfv,yab,ësëmapori,,,die-DES-IPFV,ësëma po ri,,,,,
semapori-die-des-ipfv,yab,sëmapori,,,die-DES-IPFV,sëma po ri,,,,,
ye-tooth-1,yab,ye,,,tooth,ye,,,,,
yan-pick-up-acnnmlz,yab,yan,,,pick_up-ACNNMLZ,yan ∅,,,,,
tayamijpe-3p-pick-up-pst,yab,tayamïjpë,,,3P-pick_up-PST,ta yamï jpë,,,,,
wejsare-come-imn,yab,wejsarë,,,come-IMN,wej sarë,,,,,
waijta-mouse,yab,waijta,,,mouse,waijta,,,,,
winijse-sleep-sup,yab,wïnïjse,,,sleep-SUP,wïnïj se,,,,,
tawani-darkness,yab,tawani,,,darkness,tawani,,,,,
enujse-go-up-pst,yab,ënujse,,,go_up-PST,ënuj se,,,,,
waijtaton-mouse-pl,yab,waijtaton,,,mouse-PL,waijta ton,,,,,
nwajte-dance-ipfv,yab,nwajtë,,,dance-IPFV,nwajtë ∅,,,,,
sakunkai-s,yab,sakunkai,,,S.,sakunkai,,,,,
wurijyampijke-woman-dim,yab,wurijyampïjkë,,,woman-DIM,wurijyam pïjkë,,,,,
nai-do-ipfv,yab,nai,,,do-IPFV,nai ∅,,,,,
naijpetiri-do-plur-ipfv,yab,naijpëtiri,,,do-PLUR-IPFV,naij pëti ri,,,,,
waijtatomo-mouse-pl,yab,waijtatomo,,,mouse-PL,waijta tomo,,,,,
nwajteri-dance-ipfv,yab,nwajtëri,,,dance-IPFV,nwajtë ri,,,,,
ejwenakase-vomit-pst,yab,ëjwenakase,,,vomit-PST,ëjwenaka se,,,,,
iwenaru-3-vomit-pert,yab,iwenaru,,,3-vomit-PERT,i wena ru,,,,,
sujtase-urinate-pst,yab,sujtase,,,urinate-PST,sujta se,,,,,
sukuru-urine-pert,yab,sukuru,,,urine-PERT,suku ru,,,,,
sujta-urinate-ipfv,yab,sujta,,,urinate-IPFV,sujta ∅,,,,,
waijtatomojpe-mouse-pl-pst,yab,waijtatomojpë,,,mouse-PL-PST,waijta tomo jpë,,,,,
tipase-go-in-group-pst,yab,tipase,,,go_in_group-PST,tipa se,,,,,
ejwenakajpe-vomit-pst-acnnmlz,yab,ëjwenakajpë,,,vomit-PST.ACNNMLZ,ëjwenaka jpë,,,,,
tainpetiri-3p-see-plur-ipfv,yab,tainpëtiri,,,3P-see-PLUR-IPFV,ta in pëti ri,,,,,
inpeti-see-plur-ipfv,yab,inpëti,,,see-PLUR-IPFV,in pëti ∅,,,,,
wenakajpe-vomit-pst,yab,wenakajpë,,,vomit-PST,wenaka jpë,,,,,
wenarujpe-vomit-pert-pst,yab,wenarujpë,,,vomit-PERT-PST,wena ru jpë,,,,,
kerejpe-old,yab,kërëjpë,,,old,kërëjpë,,,,,
tipapejse-go-in-group-plur-pst,yab,tipapëjse,,,go_in_group-PLUR-PST,tipa pëj se,,,,,
ajpachi-undergrowth,yab,ajpachi,,,undergrowth,ajpachi,,,,,
wonse-enter-pst,yab,wonse,,,enter-PST,won se,,,,,
ochi-o,yab,ochi,,,O.,ochi,,,,,
yakino-lk-younger-brother-pert,yab,yakino,,,LK-younger_brother-PERT,y akino ∅,,,,,
tototom-non-indian-pl,yab,tototom,,,non_Indian-PL,toto tom,,,,,
mukukem-child-prop-nmlz,yab,mukukem,,,child-PROP-NMLZ,muku ke m,,,,,
tayamaneri-3p-make-ipfv,yab,tayamanëri,,,3P-make-IPFV,ta yamanë ri,,,,,
yatunu-day,yab,yatunu,,,day,yatunu,,,,,
takino-3-younger-brother-pert,yab,takino,,,3-younger_brother-PERT,t akino ∅,,,,,
sampu-black-piranha,yab,sampu,,,black_piranha,sampu,,,,,
tayojtese-3p-fish-with-hook-pst,yab,tayojtëse,,,3P-fish_with_hook-PST,ta yojtë se,,,,,
karasakem-white-nmlz,yab,karasakem,,,white-NMLZ,karasake m,,,,,
tayenepo-3p-eat-meat-des-ipfv,yab,tayënëpo,,,3P-eat(meat)-DES-IPFV,ta yënë po ∅,,,,,
tayenepese-3p-send-away-pst,yab,tayenepese,,,3P-send_away-PST,ta yenepe se,,,,,
yenari-lk-nose-pert,yab,yënari,,,LK-nose-PERT,y ëna ri,,,,,
tatojpajpe-3p-hit-pst,yab,tatojpajpë,,,3P-hit-PST,ta tojpa jpë,,,,,
penejpe-piranha-pst,yab,penejpë,,,piranha-PST,pene jpë,,,,,
tayojte-3p-fish-with-hook-ipfv,yab,tayojtë,,,3P-fish_with_hook-IPFV,ta yojtë ∅,,,,,
tayojteja-3p-fish-with-hook-neg,yab,tayojtëja,,,3P-fish_with_hook-NEG,ta yojtë ja,,,,,
tarokase-3p-wash-pst,yab,tarokase,,,3P-wash-PST,ta roka se,,,,,
roka-wash-acnnmlz,yab,roka,,,wash-ACNNMLZ,roka ∅,,,,,
weretapejse-arrive-plur-pst,yab,weretapëjse,,,arrive-PLUR-PST,wereta pëj se,,,,,
wereta-arrive-acnnmlz,yab,wereta,,,arrive-ACNNMLZ,wereta ∅,,,,,
winijpejteke-sleep-plur-pl-imp,yab,wïnïjpëjtëkë,,,sleep-PLUR-PL-IMP,wïnïj pëj të kë,,,,,
yantoj-pick-up-circ-nmlz,yab,yantoj,,,pick_up-CIRC.NMLZ,yan toj,,,,,
winijpejse-sleep-plur-pst,yab,wïnïjpëjse,,,sleep-PLUR-PST,wïnïj pëj se,,,,,
tayamanse-3p-make-pst,yab,tayamanse,,,3P-make-PST,ta yaman se,,,,,
putuja-feel-neg,yab,putuja,,,feel-NEG,putu ja,,,,,
weka-defecate-ipfv,yab,weka,,,defecate-IPFV,weka ∅,,,,,
tutojpano-give-fut-concl,yab,tutojpano,,,give-FUT.CONCL,tu tojpano,,,,,
apontejpe-seat-pst,yab,apontëjpë,,,seat-PST,apontë jpë,,,,,
kamwiyajkase-change-sup,yab,kamwiyajkase,,,change-SUP,kamwiyajka se,,,,,
tase-say-sup,yab,tase,,,say-SUP,ta se,,,,,
tayamija-3p-pick-up-neg,yab,tayamïja,,,3P-pick_up-NEG,ta yamï ja,,,,,
atike-plot-of-cultivated-land-prop,yab,atike,,,plot_of_cultivated_land-PROP,ati ke,,,,,
wejte-go-down-acnnmlz,yab,wëjtë,,,go_down-ACNNMLZ,wëjtë ∅,,,,,
tasem-say-ptcp-nmlz,yab,tasem,,,say-PTCP-NMLZ,ta se m,,,,,
tajnonton-piaroa-pl,yab,tajnonton,,,Piaroa-PL,tajnon ton,,,,,
yej-lk-house-pert,yab,yëj,,,LK-house-PERT,y ëj ∅,,,,,
teki-3-chicha-pert,yab,tëkï,,,3-chicha-PERT,t ëkï ∅,,,,,
yepema-pay-ipfv,yab,yepema,,,pay-IPFV,yepema ∅,,,,,
chimari-path-pert,yab,chimari,,,path-PERT,chima ri,,,,,
enujta-go-up-motimp,yab,ënujta,,,go_up-MOTIMP,ënuj ta,,,,,
enuku-go-up-ipfv,yab,ënuku,,,go_up-IPFV,ënuku ∅,,,,,
enujke-go-up-imp,yab,ënujkë,,,go_up-IMP,ënuj kë,,,,,
irui-3-older-brother-pert,yab,irui,,,3-older_brother-PERT,i rui ∅,,,,,
tainpo-3p-see-des-ipfv,yab,tainpo,,,3P-see-DES-IPFV,ta in po ∅,,,,,
yapejjrama-grab-proh,yab,yapëjjrama,,,grab-PROH,yapëj jrama,,,,,
mejyakajrama-uncover-proh,yab,mejyakajrama,,,uncover-PROH,mejyaka jrama,,,,,
enuku-go-up-acnnmlz,yab,ënuku,,,go_up-ACNNMLZ,ënuku ∅,,,,,
tamejyakase-3p-uncover-pst,yab,tamejyakase,,,3P-uncover-PST,ta mejyaka se,,,,,
tayanse-3p-pick-up-pst,yab,tayanse,,,3P-pick_up-PST,ta yan se,,,,,
yapichija-grab-neg,yab,yapïchija,,,grab-NEG,yapïchi ja,,,,,
esemapejse-die-plur-pst,yab,ësëmapëjse,,,die-PLUR-PST,ësëma pëj se,,,,,
tawejkatojpano-dawn-fut-concl,yab,tawejkatojpano,,,dawn-FUT.CONCL,tawejka tojpano,,,,,
tawejkaja-dawn-neg,yab,tawejkaja,,,dawn-NEG,tawejka ja,,,,,
inwari-3-glute-pert,yab,inwari,,,3-glute-PERT,i nwa ri,,,,,
tajta-say-motimp,yab,tajta,,,say-MOTIMP,taj ta,,,,,
noro-parrot-sp,yab,noro,,,parrot.sp,noro,,,,,
ejpenakapeti-return-plur-ipfv,yab,ëjpënakapëti,,,return-PLUR-IPFV,ëjpënaka pëti ∅,,,,,
tayanijse-3p-call-pst,yab,tayanïjse,,,3P-call-PST,ta yanïj se,,,,,
yujwajpe-burn-pst,yab,yujwajpë,,,burn-PST,yujwa jpë,,,,,
tataja-3p-say-neg,yab,tataja,,,3P-say-NEG,ta ta ja,,,,,
kij-ugh,yab,kïj,,,ugh,kïj,,,,,
yepemata-pay-motimp,yab,yepemata,,,pay-MOTIMP,yepema ta,,,,,
tanepi-3p-bring-ipfv,yab,tanepï,,,3P-bring-IPFV,ta nepï ∅,,,,,
ejnai-make-self-ipfv,yab,ëjnai,,,make_self-IPFV,ëjnai ∅,,,,,
tayapichija-3p-grab-neg,yab,tayapïchija,,,3P-grab-NEG,ta yapïchi ja,,,,,
ejnemese-remain-sup,yab,ëjnëmëse,,,remain-SUP,ëjnëmë se,,,,,
sakau-sand,yab,sakau,,,sand,sakau,,,,,
yami-pick-up-ipfv,yab,yamï,,,pick_up-IPFV,yamï ∅,,,,,
tayampo-3p-pick-up-des-ipfv,yab,tayampo,,,3P-pick_up-DES-IPFV,ta yam po ∅,,,,,
yamanpejse-make-plur-pst,yab,yamanpëjse,,,make-PLUR-PST,yaman pëj se,,,,,
weri-kill-ipfv,yab,wëri,,,kill-IPFV,wë ri,,,,,
wonke-enter-imp,yab,wonkë,,,enter-IMP,won kë,,,,,
itapo-hear-des-ipfv,yab,itapo,,,hear-DES-IPFV,ita po ∅,,,,,
tawese-3p-kill-pst,yab,tawëse,,,3P-kill-PST,ta wë se,,,,,
weke-kill-imp,yab,wëkë,,,kill-IMP,wë kë,,,,,
kamere-lightning,yab,kamere,,,lightning,kamere,,,,,
wejka-fall-acnnmlz,yab,wëjka,,,fall-ACNNMLZ,wëjka ∅,,,,,
kamwiyajkapo-change-des-ipfv,yab,kamwiyajkapo,,,change-DES-IPFV,kamwiyajka po ∅,,,,,
tayamiri-3p-pick-up-ipfv,yab,tayamïrï,,,3P-pick_up-IPFV,ta yamï rï,,,,,
pupuri-bactris-gasipaes,yab,pupuri,,,Bactris_gasipaes,pupuri,,,,,
tasemejse-3p-defend-pst,yab,tasemejse,,,3P-defend-PST,ta semej se,,,,,
yanepijke-mother-dim,yab,yanëpïjkë,,,mother-DIM,yanë pïjkë,,,,,
ipachi-3-older-sister-of-woman-pert,yab,ipachi,,,3-older_sister_of_woman-PERT,i pachi ∅,,,,,
mukuke-child-prop,yab,mukuke,,,child-PROP,muku ke,,,,,
tatemekiri-3p-defend-ipfv,yab,tatemekïrï,,,3P-defend-IPFV,ta temekï rï,,,,,
tatupo-3p-give-des-ipfv,yab,tatupo,,,3P-give-DES-IPFV,ta tu po ∅,,,,,
asamori-cry-acnnmlz,yab,asamori,,,cry-ACNNMLZ,asamo ri,,,,,
tupo-give-des-ipfv,yab,tupo,,,give-DES-IPFV,tu po ∅,,,,,
tasemeki-3p-defend-ipfv,yab,tasemekï,,,3P-defend-IPFV,ta semekï ∅,,,,,
yorojyamori-lk-evil-being-pert,yab,yorojyamori,,,LK-evil_being-PERT,y orojyamo ri,,,,,
yorojyamorijpe-lk-evil-being-pert-pst,yab,yorojyamorijpë,,,LK-evil_being-PERT-PST,y orojyamo ri jpë,,,,,
teijpono-far-nmlz-1,yab,tëijpono,,,far-NMLZ,tëijpo no,,,,,
pijpe-skin,yab,pijpë,,,skin,pijpë,,,,,
yorojyamo-lk-evil-being-pert,yab,yorojyamo,,,LK-evil_being-PERT,y orojyamo ∅,,,,,
patakake-take-out-imp,yab,patakakë,,,take_out-IMP,pataka kë,,,,,
yenu-lk-eye-pert,yab,yënu,,,LK-eye-PERT,y ënu ∅,,,,,
epese-escape-pst,yab,epese,,,escape-PST,epe se,,,,,
ijteta-3-go-motimp,yab,ijtëta,,,3-go-MOTIMP,ij të ta,,,,,
men-dist-inan,yab,mën,,,DIST.INAN,mën,,,,,
inajpiri-3-grandfather-pert,yab,inajpïrï,,,3-grandfather-PERT,i najpï rï,,,,,
waraijtorijpe-husband-pert-pst,yab,waraijtorijpë,,,husband-PERT-PST,waraijto ri jpë,,,,,
yenepo-eat-meat-des-ipfv,yab,yënëpo,,,eat(meat)-DES-IPFV,yënë po ∅,,,,,
ami-unidentified-plant,yab,amï,,,unidentified_plant,amï,,,,,
tanaijpeti-3p-do-plur-ipfv,yab,tanaijpëti,,,3P-do-PLUR-IPFV,ta naij pëti ∅,,,,,
tanaise-3p-do-pst,yab,tanaise,,,3P-do-PST,ta nai se,,,,,
tanaijpetiri-3p-do-plur-ipfv,yab,tanaijpëtiri,,,3P-do-PLUR-IPFV,ta naij pëti ri,,,,,
moronori-poison-pert,yab,moronori,,,poison-PERT,morono ri,,,,,
chiyakontomo-friend-pl,yab,chiyakontomo,,,friend-PL,chiyakon tomo,,,,,
yapijtontomo-old-pl,yab,yapijtontomo,,,old-PL,yapijton tomo,,,,,
taro-say-acnnmlz,yab,taro,,,say-ACNNMLZ,taro ∅,,,,,
tojpapejse-hit-plur-pst,yab,tojpapëjse,,,hit-PLUR-PST,tojpa pëj se,,,,,
yawotomo-lk-uncle-pert-pl,yab,yawotomo,,,LK-uncle-PERT-PL,y awo ∅ tomo,,,,,
yansaj-pick-up-abs-nmlz,yab,yansaj,,,pick_up-ABS.NMLZ,yan saj,,,,,
awanenei-2-aunt-pert,yab,awanenei,,,2-aunt-PERT,a wanene i,,,,,
yakaramasaj-tell-abs-nmlz,yab,yakaramasaj,,,tell-ABS.NMLZ,yakarama saj,,,,,
iwaraijto-3-husband-pert,yab,iwaraijto,,,3-husband-PERT,i waraijto ∅,,,,,
iwanenei-3-aunt-pert,yab,iwanenei,,,3-aunt-PERT,i wanene i,,,,,
tataropo-3p-say-des-ipfv,yab,tataropo,,,3P-say-DES-IPFV,ta taro po ∅,,,,,
pojteni-want-agtnmlz,yab,pojtëni,,,want-AGTNMLZ,pojtë ni,,,,,
yatiri-lk-plot-of-cultivated-land-pert,yab,yatïrï,,,LK-plot_of_cultivated_land-PERT,y atï rï,,,,,
yaketeke-cut-imp,yab,yakëtëkë,,,cut-IMP,yakëtë kë,,,,,
tatirijpe-3-plot-of-cultivated-land-pert-pst,yab,tatïrïjpë,,,3-plot_of_cultivated_land-PERT-PST,t atï rï jpë,,,,,
korokoro-c,yab,korokoro,,,C.,korokoro,,,,,
winikijnari-sleep-ipfv-neg,yab,wïnïkïjnari,,,sleep-IPFV-NEG,wïnïkï ∅ jnari,,,,,
wirejpe-1pro-pst,yab,wïrëjpë,,,1PRO-PST,wïrë jpë,,,,,
yawankase-kill-sup,yab,yawankase,,,kill-SUP,yawanka se,,,,,
wanita-j,yab,wanita,,,J.,wanita,,,,,
samo-cry-ipfv,yab,samo,,,cry-IPFV,samo ∅,,,,,
picha-capuchin-monkey,yab,picha,,,capuchin_monkey,picha,,,,,
tajropo-have-fever-ipfv,yab,tajropo,,,have_fever-IPFV,tajropo ∅,,,,,
anoto-annatto,yab,anoto,,,annatto,anoto,,,,,
tayapimajpe-3p-make-worse-pst,yab,tayapimajpë,,,3P-make_worse-PST,ta yapima jpë,,,,,
pimi-neck,yab,pïmï,,,neck,pïmï,,,,,
yakaramaja-tell-neg,yab,yakaramaja,,,tell-NEG,yakarama ja,,,,,
yaketeja-cut-neg,yab,yakëtëja,,,cut-NEG,yakëtë ja,,,,,
yepemaja-pay-neg,yab,yepemaja,,,pay-NEG,yepema ja,,,,,
tojpa-hit-ipfv,yab,tojpa,,,hit-IPFV,tojpa ∅,,,,,
warotapojnari-work-des-ipfv-neg,yab,warotapojnari,,,work-DES-IPFV-NEG,warota po ∅ jnari,,,,,
pota-mouth,yab,pota,,,mouth,pota,,,,,
nankase-find-pst,yab,nankase,,,find-PST,nanka se,,,,,
takerejtomo-3-relative-pert-pl,yab,takerejtomo,,,3-relative-PERT-PL,t akere j tomo,,,,,
irario-h,yab,irario,,,H.,irario,,,,,
yerepunu-lk-sick-pert,yab,yerepunu,,,LK-sick-PERT,y erepunu ∅,,,,,
pachiri-older-sister-of-woman-pert,yab,pachiri,,,older_sister_of_woman-PERT,pachi ri,,,,,
peti-leg,yab,peti,,,leg,peti,,,,,
patakasape-take-out-pfv,yab,patakasapë,,,take_out-PFV,pataka sapë,,,,,
kochari-tail-pert,yab,kochari,,,tail-PERT,kocha ri,,,,,
mujnajtese-bury-sup,yab,mujnajtëse,,,bury-SUP,mujnajtë se,,,,,
tamanaku-t,yab,tamanaku,,,T.,tamanaku,,,,,
mukurujpe-child-pert-pst,yab,mukurujpë,,,child-PERT-PST,muku ru jpë,,,,,
tesetijpe-3-name-pert-pst,yab,tesetijpë,,,3-name-PERT-PST,t ese ti jpë,,,,,
semajpe-die-pst,yab,sëmajpë,,,die-PST,sëma jpë,,,,,
waimupeke-speak-prog-tr,yab,waimupëkë,,,speak-PROG.TR,waimu pëkë,,,,,
wanenetomo-aunt-pl,yab,wanenetomo,,,aunt-PL,wanene tomo,,,,,
senkapeti-finish-plur-ipfv,yab,sënkapëti,,,finish-PLUR-IPFV,sënka pëti ∅,,,,,
chiwapure-c,yab,chiwapure,,,C.,chiwapure,,,,,
wejpetijpe-come-plur-pst,yab,wejpëtijpë,,,come-PLUR-PST,wej pëti jpë,,,,,
iyipi-3-mountain-pert,yab,iyïpï,,,3-mountain-PERT,i yïpï ∅,,,,,
inono-3-earth-pert,yab,inono,,,3-earth-PERT,i nono ∅,,,,,
tajnon-piaroa,yab,tajnon,,,Piaroa,tajnon,,,,,
tamutom-3-ripeness-pert-pl,yab,tamutom,,,3-ripeness-PERT-PL,t amu ∅ tom,,,,,
kontom-pl,yab,kontom,,,PL,kontom,,,,,
senkane-finish-inf,yab,sënkanë,,,finish-INF,sënka në,,,,,
pijiguao-bactris-gasipaes,yab,pijiguao,,,Bactris_gasipaes,pijiguao,,,,,
warotanepeke-work-prog-intr,yab,warotanëpëkë,,,work-PROG.INTR,warota nëpëkë,,,,,
yipiri-mountain-pert-1,yab,yïpïri,,,mountain-PERT,yïpï ri,,,,,
wejkatopo-fall-circ-nmlz,yab,wëjkatopo,,,fall-CIRC.NMLZ,wëjka topo,,,,,
yipirijpe-mountain-pert-pst,yab,yïpïrïjpë,,,mountain-PERT-PST,yïpï rï jpë,,,,,
asamonepeke-cry-prog-intr,yab,asamonëpëkë,,,cry-PROG.INTR,asamo nëpëkë,,,,,
inchare-see-imn,yab,incharë,,,see-IMN,in charë,,,,,
semonepeke-cry-prog-intr,yab,sëmonëpëkë,,,cry-PROG.INTR,sëmo nëpëkë,,,,,
wanenetom-aunt-pl,yab,wanenetom,,,aunt-PL,wanene tom,,,,,
waimute-speak-inf,yab,waimutë,,,speak-INF,waimu të,,,,,
semone-cry-inf,yab,sëmonë,,,cry-INF,sëmo në,,,,,
kukuru-answer-ipfv,yab,kukuru,,,answer-IPFV,kuku ru,,,,,
ere-liver,yab,ere,,,liver,ere,,,,,
yapejsare-grab-imn,yab,yapëjsarë,,,grab-IMN,yapëj sarë,,,,,
ipejsape-put-plur-pfv,yab,ipëjsapë,,,put-PLUR-PFV,i pëj sapë,,,,,
tapa-beat-acnnmlz,yab,tapa,,,beat-ACNNMLZ,tapa ∅,,,,,
yopoke-find-imp,yab,yopokë,,,find-IMP,yopo kë,,,,,
keyetari-grow-ipfv,yab,këyetari,,,grow-IPFV,këyeta ri,,,,,
waimutepeke-speak-prog-intr,yab,waimutëpëkë,,,speak-PROG.INTR,waimu tëpëkë,,,,,
itapejteke-hear-plur-pl-imp,yab,itapëjtëkë,,,hear-PLUR-PL-IMP,ita pëj të kë,,,,,
yawotom-lk-uncle-pert-pl,yab,yawotom,,,LK-uncle-PERT-PL,y awo ∅ tom,,,,,
waimutomo-language-pl,yab,waimutomo,,,language-PL,waimu tomo,,,,,
takonojpe-other-pst,yab,takonojpë,,,other-PST,takono jpë,,,,,
chiyakono-friend,yab,chiyakono,,,friend,chiyakono,,,,,
yamija-pick-up-neg,yab,yamïja,,,pick_up-NEG,yamï ja,,,,,
yopojpe-find-pst,yab,yopojpë,,,find-PST,yopo jpë,,,,,
yewukuja-answer-neg,yab,yëwukuja,,,answer-NEG,yëwuku ja,,,,,
chiyakon-friend,yab,chiyakon,,,friend,chiyakon,,,,,
ichemi-put-ptcp-nmlz,yab,ichemï,,,put-PTCP-NMLZ,i che mï,,,,,
piuj-rustle,yab,piuj,,,rustle,piuj,,,,,
eseneja-see-self-neg,yab,eseneja,,,see_self-NEG,esene ja,,,,,
ejne-1-2pro-1,yab,ejne,,,1+2PRO,ejne,,,,,
itajpe-hear-pst-acnnmlz,yab,itajpë,,,hear-PST.ACNNMLZ,ita jpë,,,,,
chimajpe-path-pst,yab,chimajpë,,,path-PST,chima jpë,,,,,
yarepejse-bring-plur-pst,yab,yarëpëjse,,,bring-PLUR-PST,yarë pëj se,,,,,
chimarijpe-path-pert-pst,yab,chimarijpë,,,path-PERT-PST,chima ri jpë,,,,,
inonori-3-earth-pert,yab,inonori,,,3-earth-PERT,i nono ri,,,,,
semekija-defend-neg,yab,semekïja,,,defend-NEG,semekï ja,,,,,
yakonojpe-lk-younger-sister-of-woman-pert-pst,yab,yakonojpë,,,LK-younger_sister_of_woman-PERT-PST,y akono ∅ jpë,,,,,
yenke-drink-imp,yab,yënkë,,,drink-IMP,yën kë,,,,,
yensem-drink-ptcp-nmlz,yab,yënsem,,,drink-PTCP-NMLZ,yën se m,,,,,
sempinukuja-close-eyes-neg,yab,sëmpinukuja,,,close_eyes-NEG,sëmpinuku ja,,,,,
intojpano-see-fut-concl,yab,intojpano,,,see-FUT.CONCL,in tojpano,,,,,
wenkejne-forget-inf,yab,wënkejnë,,,forget-INF,wënkej në,,,,,
peremekiri-speak-ipfv,yab,peremekïrï,,,speak-IPFV,peremekï rï,,,,,
epepeke-escape-prog-tr,yab,epepëkë,,,escape-PROG.TR,epe pëkë,,,,,
yapejpetiri-grab-plur-ipfv,yab,yapëjpëtiri,,,grab-PLUR-IPFV,yapëj pëti ri,,,,,
waimuruntopo-speak-circ-nmlz,yab,waimuruntopo,,,speak-CIRC.NMLZ,waimurun topo,,,,,
wenkepija-forget-neg-1,yab,wenkepïja,,,forget-NEG,wenkepï ja,,,,,
itateke-hear-pl-imp,yab,itatëkë,,,hear-PL-IMP,ita të kë,,,,,
waijteri-head-pert,yab,waijtëri,,,head-PERT,waijtë ri,,,,,
semopejnepeke-cry-plur-prog-intr,yab,sëmopëjnëpëkë,,,cry-PLUR-PROG.INTR,sëmo pëj nëpëkë,,,,,
itapeke-hear-prog-tr,yab,itapëkë,,,hear-PROG.TR,ita pëkë,,,,,
anajmotom-2-grandmother-pert-pl,yab,anajmotom,,,2-grandmother-PERT-PL,a najmo ∅ tom,,,,,
peremekija-speak-neg,yab,peremekïja,,,speak-NEG,peremekï ja,,,,,
semejke-defend-imp,yab,semejkë,,,defend-IMP,semej kë,,,,,
tetopo-go-circ-nmlz,yab,tëtopo,,,go-CIRC.NMLZ,të topo,,,,,
kaimotatopo-hunt-circ-nmlz,yab,kaimotatopo,,,hunt-CIRC.NMLZ,kaimota topo,,,,,
wepijrama-come-proh,yab,wepïjrama,,,come-PROH,wepï jrama,,,,,
aya-ra-2-grandchild-pert,yab,aya'ra,,,2-grandchild-PERT,a ya'ra ∅,,,,,
nonoke-earth-prop,yab,nonoke,,,earth-PROP,nono ke,,,,,
kapitan-chief,yab,kapitan,,,chief,kapitan,,,,,
yapijton-old,yab,yapijton,,,old,yapijton,,,,,
wejpejsape-come-plur-pfv,yab,wejpëjsapë,,,come-PLUR-PFV,wej pëj sapë,,,,,
keyamaja-raise-neg,yab,këyamaja,,,raise-NEG,këyama ja,,,,,
yewuku-answer-acnnmlz,yab,yëwuku,,,answer-ACNNMLZ,yëwuku ∅,,,,,
paka-cow,yab,paka,,,cow,paka,,,,,
kuyuwi-bird-sp,yab,kuyuwi,,,bird.sp,kuyuwi,,,,,
yeneke-eat-meat-imp,yab,yënëkë,,,eat(meat)-IMP,yënë kë,,,,,
wurijyantom-woman-pl,yab,wurijyantom,,,woman-PL,wurijyan tom,,,,,
nwa-glute,yab,nwa,,,glute,nwa,,,,,
chima-path,yab,chima,,,path,chima,,,,,
pipiri-bactris-gasipaes,yab,pïpïri,,,Bactris_gasipaes,pïpïri,,,,,
yakata-dig-out-motimp,yab,yakata,,,dig_out-MOTIMP,yaka ta,,,,,
winijsaj-sleep-pfv,yab,wïnïjsaj,,,sleep-PFV,wïnïj saj,,,,,
senkasaj-finish-abs-nmlz,yab,sënkasaj,,,finish-ABS.NMLZ,sënka saj,,,,,
wepejsaj-kill-plur-pfv,yab,wëpëjsaj,,,kill-PLUR-PFV,wë pëj saj,,,,,
epese-escape-sup,yab,epese,,,escape-SUP,epe se,,,,,
yipitomojpe-mountain-pl-pst,yab,yïpïtomojpë,,,mountain-PL-PST,yïpï tomo jpë,,,,,
pata-village,yab,pata,,,village,pata,,,,,
torote-cemetery,yab,torotë,,,cemetery,torotë,,,,,
yawaranatom-yawarana-pl,yab,yawaranatom,,,Yawarana-PL,yawarana tom,,,,,
patatejpe-village-npert-pst,yab,patatëjpë,,,village-NPERT-PST,pata të jpë,,,,,
enirom-now-nmlz,yab,enirom,,,now-NMLZ,eniro m,,,,,
tairi-3p-put-ipfv,yab,tairi,,,3P-put-IPFV,ta i ri,,,,,
ipejse-put-plur-pst,yab,ipëjse,,,put-PLUR-PST,i pëj se,,,,,
tepetijpe-go-plur-pst,yab,tëpëtijpë,,,go(PLUR)-PST,tëpëti jpë,,,,,
anta-island,yab,anta,,,island,anta,,,,,
tepeti-go-plur-ipfv,yab,tëpëti,,,go(PLUR)-IPFV,tëpëti ∅,,,,,
semeki-defend-acnnmlz,yab,semekï,,,defend-ACNNMLZ,semekï ∅,,,,,
najpitomo-grandfather-pl,yab,najpïtomo,,,grandfather-PL,najpï tomo,,,,,
tetojpano-go-fut-concl,yab,tëtojpano,,,go-FUT.CONCL,të tojpano,,,,,
sempinujsaj-close-eyes-abs-nmlz,yab,sëmpinujsaj,,,close_eyes-ABS.NMLZ,sëmpinuj saj,,,,,
ya-raton-grandchild-pl,yab,ya'raton,,,grandchild-PL,ya'ra ton,,,,,
yenepetojpano-send-away-fut-concl,yab,yenepetojpano,,,send_away-FUT.CONCL,yenepe tojpano,,,,,
wanapu-savannah,yab,wanapu,,,savannah,wanapu,,,,,
weretasare-arrive-imn,yab,weretasarë,,,arrive-IMN,wereta sarë,,,,,
sempinujsare-close-eyes-imn,yab,sëmpinujsarë,,,close_eyes-IMN,sëmpinuj sarë,,,,,
sempinujtopo-close-eyes-circ-nmlz,yab,sëmpinujtopo,,,close_eyes-CIRC.NMLZ,sëmpinuj topo,,,,,
samori-cry-ipfv,yab,samori,,,cry-IPFV,samo ri,,,,,
yipi-mountain-pert,yab,yïpï,,,mountain-PERT,yïpï ∅,,,,,
senkasare-finish-imn,yab,sënkasarë,,,finish-IMN,sënka sarë,,,,,
yipijpe-mountain-pst,yab,yïpïjpë,,,mountain-PST,yïpï jpë,,,,,
wintika-disappear-acnnmlz,yab,wintika,,,disappear-ACNNMLZ,wintika ∅,,,,,
parangana-pot,yab,parangana,,,pot,parangana,,,,,
yarepejteke-bring-plur-pl-imp,yab,yarëpëjtëkë,,,bring-PLUR-PL-IMP,yarë pëj të kë,,,,,
yamaneri-make-acnnmlz,yab,yamanëri,,,make-ACNNMLZ,yamanë ri,,,,,
kuruwa-coroba-palm,yab,kuruwa,,,coroba_palm,kuruwa,,,,,
seremanepeke-eat-prog-intr,yab,seremanëpëkë,,,eat-PROG.INTR,serema nëpëkë,,,,,
tayojmari-3p-mix-ipfv,yab,tayojmari,,,3P-mix-IPFV,ta yojma ri,,,,,
tesekem-prop-name-prop-nmlz,yab,tesekem,,,PROP-name-PROP-NMLZ,t ese ke m,,,,,
yaka-dig-out-ipfv,yab,yaka,,,dig_out-IPFV,yaka ∅,,,,,
yojmatopo-mix-circ-nmlz,yab,yojmatopo,,,mix-CIRC.NMLZ,yojma topo,,,,,
kerepijke-old-dim,yab,kërëpïjkë,,,old-DIM,kërë pïjkë,,,,,
yateno-loc-nmlz,yab,yatëno,,,LOC-NMLZ,yatë no,,,,,
yemetopo-eat-fruits-eggs-soup-circ-nmlz,yab,yemetopo,,,eat(fruits_eggs_soup)-CIRC.NMLZ,yeme topo,,,,,
tayamanejpe-3p-make-pst,yab,tayamanëjpë,,,3P-make-PST,ta yamanë jpë,,,,,
tayujwa-3p-burn-ipfv,yab,tayujwa,,,3P-burn-IPFV,ta yujwa ∅,,,,,
ten-loc-nmlz,yab,tën,,,LOC-NMLZ,të n,,,,,
wejkari-fall-acnnmlz,yab,wëjkari,,,fall-ACNNMLZ,wëjka ri,,,,,
yokipeke-eat-starch-prog-tr,yab,yokïpëkë,,,eat(starch)-PROG.TR,yokï pëkë,,,,,
yamanijpe-make-pst,yab,yamanijpë,,,make-PST,yamani jpë,,,,,
asamo-cry-acnnmlz,yab,asamo,,,cry-ACNNMLZ,asamo ∅,,,,,
yempekapori-offend-des-ipfv,yab,yëmpëkapori,,,offend-DES-IPFV,yëmpëka po ri,,,,,
empami-learn-acnnmlz,yab,ëmpamï,,,learn-ACNNMLZ,ëmpamï ∅,,,,,
waimujnari-speak-ipfv-neg,yab,waimujnari,,,speak-IPFV-NEG,waimu ∅ jnari,,,,,
takerej-3-relative-pert,yab,takerej,,,3-relative-PERT,t akere j,,,,,
wintikatojpano-disappear-fut-concl,yab,wintikatojpano,,,disappear-FUT.CONCL,wintika tojpano,,,,,
wintikasare-disappear-imn,yab,wintikasarë,,,disappear-IMN,wintika sarë,,,,,
moneka-girl-voc,yab,moneka,,,girl.VOC,moneka,,,,,
najpitomo-grandfather-pert-pl,yab,najpïtomo,,,grandfather-PERT-PL,najpï ∅ tomo,,,,,
wenkejsaj-forget-abs-nmlz,yab,wënkejsaj,,,forget-ABS.NMLZ,wënkej saj,,,,,
wintikapejse-disappear-plur-pst,yab,wintikapëjse,,,disappear-PLUR-PST,wintika pëj se,,,,,
kukuja-answer-neg,yab,kukuja,,,answer-NEG,kuku ja,,,,,
iwaijte-3-head-pert,yab,iwaijtë,,,3-head-PERT,i waijtë ∅,,,,,
waimurunpejteke-speak-plur-pl-imp,yab,waimurunpëjtëkë,,,speak-PLUR-PL-IMP,waimurun pëj të kë,,,,,
taitari-3p-hear-ipfv,yab,taitari,,,3P-hear-IPFV,ta ita ri,,,,,
waimuke-speak-imp,yab,waimukë,,,speak-IMP,waimu kë,,,,,
empanke-learn-imp,yab,ëmpankë,,,learn-IMP,ëmpan kë,,,,,
empampo-learn-des-ipfv,yab,ëmpampo,,,learn-DES-IPFV,ëmpam po ∅,,,,,
waimupori-speak-des-ipfv,yab,waimupori,,,speak-DES-IPFV,waimu po ri,,,,,
yareni-bring-agtnmlz,yab,yarëni,,,bring-AGTNMLZ,yarë ni,,,,,
ichiyakono-3-friend-pert,yab,ichiyakono,,,3-friend-PERT,i chiyakono ∅,,,,,
inu-3-tongue-pert,yab,inu,,,3-tongue-PERT,i nu ∅,,,,,
wenkejtojpano-forget-fut-concl,yab,wënkejtojpano,,,forget-FUT.CONCL,wënkej tojpano,,,,,
tatapeke-3p-say-prog-tr,yab,tatapëkë,,,3P-say-PROG.TR,ta ta pëkë,,,,,
wenkepijrama-forget-proh,yab,wënkepïjrama,,,forget-PROH,wënkepï jrama,,,,,
tai-say-hort,yab,tai,,,say-HORT,ta i,,,,,
yenta-drink-motimp,yab,yënta,,,drink-MOTIMP,yën ta,,,,,
yense-drink-sup,yab,yënse,,,drink-SUP,yën se,,,,,
imukutomo-3-child-pert-pl,yab,imukutomo,,,3-child-PERT-PL,i muku ∅ tomo,,,,,
yanejpe-mother-pst,yab,yanëjpë,,,mother-PST,yanë jpë,,,,,
tawejpe-3p-kill-pst,yab,tawëjpë,,,3P-kill-PST,ta wë jpë,,,,,
tasopikase-3p-skin-pst,yab,tasopikase,,,3P-skin-PST,ta sopika se,,,,,
sopikasemi-skin-ptcp-nmlz,yab,sopikasemï,,,skin-PTCP-NMLZ,sopika se mï,,,,,
yopoja-find-neg,yab,yopoja,,,find-NEG,yopo ja,,,,,
yopose-find-pst,yab,yopose,,,find-PST,yopo se,,,,,
wontoj-enter-circ-nmlz,yab,wontoj,,,enter-CIRC.NMLZ,won toj,,,,,
potari-mouth-pert,yab,potari,,,mouth-PERT,pota ri,,,,,
yenese-eat-meat-sup,yab,yënëse,,,eat(meat)-SUP,yënë se,,,,,
makarike-cayman,yab,makarikë,,,cayman,makarikë,,,,,
punujpe-flesh-pst,yab,punujpë,,,flesh-PST,punu jpë,,,,,
wejpeti-come-plur-ipfv,yab,wejpëti,,,come-PLUR-IPFV,wej pëti ∅,,,,,
yareri-bring-ipfv,yab,yarëri,,,bring-IPFV,yarë ri,,,,,
yare-bring-acnnmlz,yab,yarë,,,bring-ACNNMLZ,yarë ∅,,,,,
wereta-arrive-ipfv,yab,wereta,,,arrive-IPFV,wereta ∅,,,,,
taweri-3p-kill-ipfv,yab,tawëri,,,3P-kill-IPFV,ta wë ri,,,,,
tanemeri-3p-leave-ipfv,yab,tanëmëri,,,3P-leave-IPFV,ta nëmë ri,,,,,
tayareri-3p-bring-ipfv,yab,tayarëri,,,3P-bring-IPFV,ta yarë ri,,,,,
yoj-eat-starch-acnnmlz,yab,yoj,,,eat(starch)-ACNNMLZ,yoj ∅,,,,,
yerema-feed-ipfv,yab,yerema,,,feed-IPFV,yerema ∅,,,,,
tayareja-3p-bring-neg,yab,tayarëja,,,3P-bring-NEG,ta yarë ja,,,,,
waruwaru-hoti,yab,waruwaru,,,hoti,waruwaru,,,,,
tayare-3p-bring-ipfv,yab,tayarë,,,3P-bring-IPFV,ta yarë ∅,,,,,
tachikase-3p-bite-pst,yab,tachikase,,,3P-bite-PST,ta chika se,,,,,
roka-wash-ipfv,yab,roka,,,wash-IPFV,roka ∅,,,,,
yanijta-call-motimp,yab,yanïjta,,,call-MOTIMP,yanïj ta,,,,,
tapirikaja-3p-endure-neg,yab,tapïrïkaja,,,3P-endure-NEG,ta pïrïka ja,,,,,
chikaja-bite-neg,yab,chikaja,,,bite-NEG,chika ja,,,,,
tanepiri-3p-bring-ipfv,yab,tanepïrï,,,3P-bring-IPFV,ta nepï rï,,,,,
nejpeti-bring-plur-ipfv,yab,nejpëti,,,bring-PLUR-IPFV,nej pëti ∅,,,,,
morono-poison,yab,morono,,,poison,morono,,,,,
rotoro-doctor,yab,rotoro,,,doctor,rotoro,,,,,
